Name,Category,Date,Num. Cards,Num. Transfers,Destination,Amount
Deacon Conway,Auto,2012-11,13,13,Canada,3549.27
Isabella Mckay,Auto,2012-11,12,12,New Zealand,3086.32
Alexander Moran,Auto,2012-11,7,7,Jamaica,2079.43
Colleen Snider,Auto,2012-11,8,8,"Congo, the Democratic Republic of the",1939.47
Mason Greene,Auto,2012-11,4,4,Niue,1329.31
Francesca Daugherty,Auto,2012-11,8,8,Svalbard and Jan Mayen Islands,1278.39
Geraldine Heath,Auto,2012-11,12,12,Tunisia,1034.94
Tyler Franks,Auto,2012-11,3,3,Iraq,1019.19
Yoshio Watts,Auto,2012-11,4,4,Jordan,1006.42
Thaddeus Bennett,Auto,2012-11,9,9,Cameroon,963.78
Lenore Hatfield,Auto,2012-11,6,6,South Africa,945.46
Vincent Fischer,Auto,2012-11,6,7,Heard Island and Mcdonald Islands,856.14
Nelle Matthews,Auto,2012-11,6,6,Uganda,807.95
Hyatt Perkins,Auto,2012-11,8,8,Anguilla,737.56
Rylee Ford,Auto,2012-11,3,3,Azerbaijan,700.1
Michael Perry,Auto,2012-11,3,4,Iran,686.36
August Aguirre,Auto,2012-11,13,13,Timor-Leste,665.56
Cassady Garrison,Auto,2012-11,13,13,Morocco,664.91
Oren Bishop,Auto,2012-11,3,3,Angola,554.19
Omar Russo,Auto,2012-11,9,9,El Salvador,415.29
Colleen Foley,Auto,2012-11,8,8,Northern Mariana Islands,406.62
William Bennett,Auto,2012-11,7,7,Zambia,373.88
Odette Brock,Auto,2012-11,6,6,India,267.2
Vernon Valdez,Auto,2012-11,4,4,Bulgaria,240.47
Delilah Greene,Auto,2012-11,5,5,Samoa,223.08
Uriel Vargas,Auto,2012-11,4,4,Belize,218.64
Josiah Buck,Auto,2012-11,3,3,Antarctica,148.65
Sylvia Erickson,Auto,2012-11,3,3,Libya,148.65
Deborah Hunter,Auto,2012-11,3,3,Anguilla,133.32
Hamilton Witt,Auto,2012-11,3,3,Denmark,133.32
Britanni Mooney,Auto,2012-12,5,5,Mexico,2677.97
Piper Daugherty,Auto,2012-12,5,5,Niue,2210.08
Alexander Bell,Auto,2012-12,7,7,Peru,1802.36
Harriet Richards,Auto,2012-12,3,3,Hong Kong,1734.44
Vivian Medina,Auto,2012-12,12,12,Uruguay,1460.4
Bert Lott,Auto,2012-12,7,7,Australia,1358.7
Larissa Spears,Auto,2012-12,5,6,Georgia,1345.2
Jared Hopkins,Auto,2012-12,4,4,Kiribati,1316.63
Kirby Ingram,Auto,2012-12,6,6,Cambodia,1244.39
Christopher Reid,Auto,2012-12,11,11,Morocco,937
Charlotte Pratt,Auto,2012-12,4,4,Maldives,777.35
Howard Watkins,Auto,2012-12,8,9,Taiwan,763.56
Tyrone Mcfadden,Auto,2012-12,4,4,Sierra Leone,742.81
Jeanette Dyer,Auto,2012-12,7,7,Albania,701.45
Bianca Fitzgerald,Auto,2012-12,6,7,Mauritius,699.99
Claire Cruz,Auto,2012-12,14,14,"Palestine, State of",683.49
Louis Lee,Auto,2012-12,4,4,Guyana,626.26
Cassady Quinn,Auto,2012-12,4,4,Namibia,604.92
Chloe Dejesus,Auto,2012-12,10,10,Costa Rica,598.32
Brynn Sullivan,Auto,2012-12,12,12,Maldives,562.76
Shelby Morin,Auto,2012-12,4,4,Jamaica,513.98
Lael Tillman,Auto,2012-12,4,4,Swaziland,487.63
Sigourney Castaneda,Auto,2012-12,9,9,Brazil,461.28
Melissa Mcneil,Auto,2012-12,10,10,Curaçao,451.67
Yvonne Marks,Auto,2012-12,8,9,Gibraltar,415.29
Dai Christian,Auto,2012-12,7,8,Mauritius,407.29
Burton Gordon,Auto,2012-12,8,8,Curaçao,360.63
Ali Rogers,Auto,2012-12,8,8,New Zealand,345.3
Nash Duran,Auto,2012-12,5,5,San Marino,297.3
Lysandra Richard,Auto,2012-12,7,7,Anguilla,272.92
Price Zimmerman,Auto,2012-12,5,5,Netherlands,227.31
Gannon Medina,Auto,2012-12,5,5,Serbia,227.31
Jayme Alvarez,Auto,2012-12,4,4,"Bonaire, Sint Eustatius and Saba",203.31
Teagan Andrews,Auto,2012-12,4,4,Iran,203.31
Brady Bean,Auto,2012-12,3,4,Oman,203.31
Alec Burgess,Auto,2012-12,5,5,Northern Mariana Islands,197.21
Rhoda Mullins,Auto,2012-12,4,4,Maldives,191.9
Amela Rivers,Auto,2012-12,4,4,Finland,173.99
Oliver Beck,Auto,2012-12,4,4,Benin,172.65
Linus Norman,Auto,2012-12,3,3,Malaysia,163.98
Casey Wilder,Auto,2012-12,3,3,Uzbekistan,148.65
Signe Steele,Auto,2012-12,3,3,Saint Barthélemy,117.95
Portia Mathews,Auto,2013-01,8,8,Brazil,2978.27
Hoyt Morgan,Auto,2013-01,6,6,Uzbekistan,2370.63
Lara Lynn,Auto,2013-01,7,7,Iceland,2111.71
Martha Jones,Auto,2013-01,9,9,Andorra,1431.52
Daria Chambers,Auto,2013-01,20,20,Canada,1329.66
Noah Nicholson,Auto,2013-01,3,3,Saint Pierre and Miquelon,1194.78
Silas Hester,Auto,2013-01,10,11,Israel,984.94
Stone Knight,Auto,2013-01,7,7,Iran,947.76
Clementine Allison,Auto,2013-01,5,6,Niue,890.51
Ginger Joyner,Auto,2013-01,3,4,Slovakia,876.31
Chadwick Hull,Auto,2013-01,10,10,Timor-Leste,818.52
Isaiah Owen,Auto,2013-01,7,7,Rwanda,748.7
Samson Owen,Auto,2013-01,6,6,New Zealand,665.64
Harlan Higgins,Auto,2013-01,11,11,Curaçao,578.35
Megan Merritt,Auto,2013-01,9,10,Cuba,516.94
Nissim Roth,Auto,2013-01,4,4,New Caledonia,513.2
Fitzgerald Alvarez,Auto,2013-01,9,10,Malta,511.84
Baxter Hernandez,Auto,2013-01,10,11,Macao,506.28
Jillian Chase,Auto,2013-01,3,3,Dominica,489.52
Myles Swanson,Auto,2013-01,4,4,Palau,479.26
Emmanuel Herring,Auto,2013-01,10,10,Kyrgyzstan,440.29
Chandler Conley,Auto,2013-01,9,9,Marshall Islands,431.52
Elmo Gentry,Auto,2013-01,7,7,Spain,361.49
Grace Barker,Auto,2013-01,7,8,Norfolk Island,361.43
Melyssa Irwin,Auto,2013-01,6,6,Morocco,352.66
Aspen Middleton,Auto,2013-01,3,3,Suriname,339.33
Alfonso Lawson,Auto,2013-01,5,6,Thailand,297.9
Warren Rocha,Auto,2013-01,5,5,Morocco,258.47
Macon Clark,Auto,2013-01,5,5,Guinea,255.52
Erin Ellison,Auto,2013-01,5,5,Ethiopia,253.37
Jana Fowler,Auto,2013-01,5,5,Angola,247.06
Halla Sanford,Auto,2013-01,4,4,Macedonia,239.04
Quintessa Hart,Auto,2013-01,5,5,Netherlands,227.81
Aquila Daugherty,Auto,2013-01,4,4,Bermuda,173.05
Mariam Wolf,Auto,2013-01,4,4,Egypt,157.72
Daria Buckner,Auto,2013-01,4,4,Gabon,153.7
Hammett Mcconnell,Auto,2013-02,5,6,Macao,2629.73
Patrick Taylor,Auto,2013-02,14,15,Burkina Faso,2537.52
Cadman Stephens,Auto,2013-02,8,8,Ethiopia,2449.56
Herman Head,Auto,2013-02,3,3,Bhutan,2334.24
Lillith Poole,Auto,2013-02,4,5,Dominican Republic,1619.02
Cedric Rice,Auto,2013-02,9,9,Côte D'Ivoire (Ivory Coast),1392.15
Fulton Davenport,Auto,2013-02,9,10,Bouvet Island,1253.84
Marshall Campos,Auto,2013-02,8,8,Nicaragua,1166.91
Alexa Walsh,Auto,2013-02,3,3,Israel,1161.7
Geoffrey Shields,Auto,2013-02,4,4,French Polynesia,1123.86
Buckminster Wyatt,Auto,2013-02,3,3,Finland,1086
Madeson Sargent,Auto,2013-02,13,14,Saint Lucia,1074.77
Chester Ryan,Auto,2013-02,15,15,Ethiopia,1065.51
Dale Cook,Auto,2013-02,15,15,Micronesia,717.8
Imogene Gordon,Auto,2013-02,14,14,Serbia,709.27
Ebony Phillips,Auto,2013-02,14,14,Botswana,663.44
Jana Ferguson,Auto,2013-02,3,3,Central African Republic,612.1
Igor Watkins,Auto,2013-02,11,11,Mauritius,564.05
Griffith Mccarty,Auto,2013-02,11,11,Kiribati,558.95
Fatima Curry,Auto,2013-02,5,5,Spain,525.65
Clinton Gallegos,Auto,2013-02,9,9,Jersey,494.93
Price Vazquez,Auto,2013-02,9,9,Syria,460.88
Lucius Odom,Auto,2013-02,4,4,Iraq,446.15
Lydia Knox,Auto,2013-02,8,8,Pitcairn Islands,416.17
Garth Gross,Auto,2013-02,3,3,Burkina Faso,409.52
Quyn Talley,Auto,2013-02,8,8,Tokelau,394.22
Marcia Owens,Auto,2013-02,7,8,Ukraine,339.4
Claire Stuart,Auto,2013-02,7,7,Togo,333.76
Ruth Sparks,Auto,2013-02,6,6,Algeria,308.13
Christen Hatfield,Auto,2013-02,4,4,Poland,255.52
Forrest Joseph,Auto,2013-02,5,5,"Korea, South",221.16
Malik Salinas,Auto,2013-02,6,6,Saint Lucia,220.91
Kibo Robertson,Auto,2013-02,4,4,Barbados,214.71
Bruno Banks,Auto,2013-02,3,4,"Virgin Islands, British",208.62
Megan Gilmore,Auto,2013-02,4,4,Belarus,203.71
Drake Woods,Auto,2013-02,4,4,Svalbard and Jan Mayen Islands,201.92
Solomon Dawson,Auto,2013-02,4,4,Bulgaria,188.38
Nevada Spears,Auto,2013-02,4,4,Malaysia,175.59
David Fox,Auto,2013-02,3,3,Iran,174.27
Tana Oneill,Auto,2013-02,4,4,Zambia,173.05
Sigourney Walker,Auto,2013-02,3,3,Sao Tome and Principe,164.28
Constance Franklin,Auto,2013-02,3,3,Senegal,164.28
Cailin Avery,Auto,2013-02,3,3,Nicaragua,148.95
Hillary Lyons,Auto,2013-02,3,3,Comoros,148.95
Justine Madden,Auto,2013-02,3,3,Sudan,140.52
Maryam Gray,Auto,2013-02,3,3,French Polynesia,133.62
Theodore Wynn,Auto,2013-03,3,3,Curaçao,2722.77
Hermione Carver,Auto,2013-03,5,5,"Korea, South",1739.98
Jesse Gallagher,Auto,2013-03,24,24,Cape Verde,1616.01
Abra Medina,Auto,2013-03,21,21,Gambia,1419.87
Graiden Ray,Auto,2013-03,12,12,Nauru,1152.83
Kato Myers,Auto,2013-03,4,5,Netherlands,1143.19
Mary Trevino,Auto,2013-03,13,13,Comoros,1043.03
Remedios Nelson,Auto,2013-03,4,4,Greenland,971.98
Charity Acosta,Auto,2013-03,20,21,Saint Martin,959.87
Gray Walls,Auto,2013-03,5,5,Saint Pierre and Miquelon,921.42
Otto Flores,Auto,2013-03,5,5,Saint Lucia,903.38
Veronica Monroe,Auto,2013-03,6,7,South Georgia and The South Sandwich Islands,743.14
Jason Morrison,Auto,2013-03,4,4,Lebanon,736.29
Myra Turner,Auto,2013-03,4,4,Italy,711
Arthur Klein,Auto,2013-03,8,8,Brunei,684.88
Thaddeus Bauer,Auto,2013-03,14,14,Åland Islands,674.82
Stacy Gibson,Auto,2013-03,13,14,San Marino,635.32
Flavia Mullins,Auto,2013-03,7,7,Thailand,630.35
Chava Sandoval,Auto,2013-03,8,8,Cape Verde,602.95
Camille Fernandez,Auto,2013-03,3,3,Central African Republic,594.57
Martena Orr,Auto,2013-03,3,3,Montenegro,542.63
Joshua Nielsen,Auto,2013-03,10,10,El Salvador,521.74
Jeremy Mcpherson,Auto,2013-03,9,9,Solomon Islands,481.76
Dillon Trevino,Auto,2013-03,9,9,Serbia,469.11
Martena Hinton,Auto,2013-03,9,9,Andorra,449.03
Dylan Mercer,Auto,2013-03,8,8,Namibia,405.63
Austin Richmond,Auto,2013-03,7,7,"Korea, North",356.58
Kasper Bowers,Auto,2013-03,9,9,Mayotte,340.98
Aurora Cleveland,Auto,2013-03,7,7,Chad,332.99
Gray Pruitt,Auto,2013-03,6,6,Macao,323.46
Rigel Zamora,Auto,2013-03,7,7,Bermuda,304.88
Lyle Buchanan,Auto,2013-03,6,6,"Bonaire, Sint Eustatius and Saba",273.89
Caesar Marsh,Auto,2013-03,3,3,United Kingdom (Great Britain),222.74
Macy Phillips,Auto,2013-03,4,4,Norway,203.71
Sonia Norris,Auto,2013-03,4,4,Saint Barthélemy,197.59
Tamara Boone,Auto,2013-03,3,3,Pitcairn Islands,184.75
Glenna Bray,Auto,2013-03,4,4,Sierra Leone,183.28
Darius Kirby,Auto,2013-03,4,4,Cayman Islands,167.15
Basil Harrison,Auto,2013-03,4,5,Egypt,153.52
Gannon Contreras,Auto,2013-03,3,3,Bolivia,148.95
Lucian Slater,Auto,2013-03,3,3,Cape Verde,148.95
Tamara Lyons,Auto,2013-03,3,3,Dominican Republic,133.62
Fredericka Craft,Auto,2013-03,3,3,Lesotho,114.71
Erasmus Lyons,Auto,2013-04,8,8,Ireland,3670.31
Leonard Newman,Auto,2013-04,26,26,Gibraltar,1991
Zachary Mccullough,Auto,2013-04,16,16,Pitcairn Islandspais,1940.57
Kamal Moon,Auto,2013-04,6,6,Hong Kong,1896.2
Edan Manning,Auto,2013-04,5,5,Myanmar,1808.08
Kylan Sellers,Auto,2013-04,11,11,Burundi,1695.36
Mia Hess,Auto,2013-04,13,15,Gabon,1558.11
Cameron Lowe,Auto,2013-04,4,4,United Kingdom (Great Britain),1464.71
Tad Gould,Auto,2013-04,23,24,Dominica,1132.14
Lee Short,Auto,2013-04,17,19,Holy See (Vatican City State),1131.42
Bethany Spencer,Auto,2013-04,11,11,France,1085.19
Luke Neal,Auto,2013-04,4,4,United Arab Emirates,1034.3
Garth Underwood,Auto,2013-04,3,3,Côte D'Ivoire (Ivory Coast),974.4
Honorato David,Auto,2013-04,20,20,New Caledonia,923.25
Gillian Joseph,Auto,2013-04,14,14,Andorra,700.25
Amity Kinney,Auto,2013-04,13,14,Lesotho,673.2
Nola Edwards,Auto,2013-04,3,3,Faroe Islands,605.87
Shelly Walker,Auto,2013-04,12,13,India,594.1
Moses Daniels,Auto,2013-04,7,7,Norway,593.73
Ivory Marquez,Auto,2013-04,11,13,Uzbekistan,592.95
Amery Gross,Auto,2013-04,13,13,Somalia,580.56
Orli Leon,Auto,2013-04,11,11,Guinea,530.44
Lesley Weiss,Auto,2013-04,12,12,Northern Mariana Islands,529.74
Fuller Joseph,Auto,2013-04,9,10,Montenegro,510.05
Nerea Donovan,Auto,2013-04,11,11,Lesotho,476.77
Dalton Barlow,Auto,2013-04,7,7,Sweden,462.05
Charissa Banks,Auto,2013-04,8,8,Bangladesh,407.42
Justina Richardson,Auto,2013-04,8,8,Comoros,369.47
Charissa Little,Auto,2013-04,8,8,United States,366.3
Leroy Cooley,Auto,2013-04,7,7,Western Sahara,365.44
Cody Thompson,Auto,2013-04,7,7,Ghana,343.46
Richard Faulkner,Auto,2013-04,6,7,"Virgin Islands, British",337.33
Lavinia Scott,Auto,2013-04,5,5,Jamaica,273.8
Lynn Carney,Auto,2013-04,5,5,Slovakia,258.47
Lamar Baird,Auto,2013-04,4,5,Saint Vincent and The Grenadines,241.87
Alexandra Becker,Auto,2013-04,4,5,Namibia,222.31
Dieter Montoya,Auto,2013-04,3,4,Greece,219.04
Madison Robles,Auto,2013-04,5,5,Western Sahara,210.69
Otto Vang,Auto,2013-04,3,3,Djibouti,183.86
Cherokee Soto,Auto,2013-04,3,3,Italy,164.28
Uriah Turner,Auto,2013-04,3,3,Niger,148.95
Inga Swanson,Auto,2013-04,3,3,Wallis and Futuna,148.95
Lois Copeland,Auto,2013-04,3,3,Tonga,148.95
Hannah Saunders,Auto,2013-04,3,3,Taiwan,146
Celeste Tyson,Auto,2013-04,3,3,Netherlands,109.19
María Sharapova,Bars and restaurants,2012-11,456,828,Italy,36512.47
Augustus Caesar,Bars and restaurants,2012-11,303,441,Turks and Caicos Islands,21836.76
Holly Valance,Bars and restaurants,2012-11,210,313,Armenia,18089.19
Charlemagne,Bars and restaurants,2012-11,226,364,Nicaragua,16976.99
Liu Xiang,Bars and restaurants,2012-11,189,274,Albania,14399.52
Burn Gorman,Bars and restaurants,2012-11,151,231,Uganda,13530.14
Darren Lockyer,Bars and restaurants,2012-11,134,186,South Georgia and The South Sandwich Islands,12392.96
Julius Peppers,Bars and restaurants,2012-11,164,254,Slovakia,12206.5
Bryan Cranston,Bars and restaurants,2012-11,129,193,Germany,11290.92
Pericles,Bars and restaurants,2012-11,119,199,Christmas Island,10938.84
Malik Bendjelloul,Bars and restaurants,2012-11,132,177,Iran,10936.68
Shaquille O'Neal,Bars and restaurants,2012-11,95,146,Nigeria,10908.78
Amber Heard,Bars and restaurants,2012-11,132,230,Bahamas,10694.66
Emma Watson,Bars and restaurants,2012-11,124,173,Puerto Rico,10394.99
Scottie Pippen,Bars and restaurants,2012-11,134,220,Bahamas,10348.43
TaShya Nixon,Bars and restaurants,2012-11,128,181,Russian Federation,9156.11
Hayden Herman,Bars and restaurants,2012-11,100,130,Heard Island and Mcdonald Islands,8898.73
Derek Goodwin,Bars and restaurants,2012-11,131,235,Taiwan,8321.35
Cyrus Savage,Bars and restaurants,2012-11,86,126,Portugal,7998.33
Troy Mullen,Bars and restaurants,2012-11,110,172,India,7887.97
Kitra Carrillo,Bars and restaurants,2012-11,121,170,Brazil,7858.28
Brady Elliott,Bars and restaurants,2012-11,75,146,Macedonia,7135.01
Nomlanga Gaines,Bars and restaurants,2012-11,104,165,Malaysia,7045.46
Shelby Flynn,Bars and restaurants,2012-11,118,192,Norfolk Island,6919.03
Colleen Collins,Bars and restaurants,2012-11,77,173,Austria,6445.28
Cole Riley,Bars and restaurants,2012-11,92,183,Israel,6356.87
Otto Mitchell,Bars and restaurants,2012-11,36,62,Finland,6073.38
Basil Melton,Bars and restaurants,2012-11,98,149,Zambia,5727.41
Hannah Lambert,Bars and restaurants,2012-11,86,140,Germany,5463.95
Chandler Tucker,Bars and restaurants,2012-11,72,120,Afghanistan,5346.62
Ebony Fischer,Bars and restaurants,2012-11,89,125,Hong Kong,5292.17
Reece Mills,Bars and restaurants,2012-11,71,106,Burkina Faso,5267.69
Galena Cooper,Bars and restaurants,2012-11,51,96,Dominica,4926.91
Seth Sampson,Bars and restaurants,2012-11,47,68,Sweden,4890.76
Holmes Harrison,Bars and restaurants,2012-11,59,78,Saint Lucia,4679.32
Adara Mcclain,Bars and restaurants,2012-11,41,74,Swaziland,4339.9
Ina Smith,Bars and restaurants,2012-11,55,125,Cocos (Keeling) Islands,3938.94
Kasimir Clayton,Bars and restaurants,2012-11,73,107,French Polynesia,3894.35
Brenna Ford,Bars and restaurants,2012-11,51,70,Luxembourg,3671.35
Silas Albert,Bars and restaurants,2012-11,32,48,Norfolk Island,3635.4
Abra Carroll,Bars and restaurants,2012-11,67,100,Belize,3260.11
Dustin Lloyd,Bars and restaurants,2012-11,34,46,Maldives,3229.42
Nola Graves,Bars and restaurants,2012-11,55,93,Singapore,3228.98
Zelda Blankenship,Bars and restaurants,2012-11,22,25,Djibouti,3193.51
Whilemina Mills,Bars and restaurants,2012-11,56,95,Indonesia,3193.42
Melinda Gregory,Bars and restaurants,2012-11,35,52,Kyrgyzstan,3146.58
Sade Wilkerson,Bars and restaurants,2012-11,11,13,Jamaica,3100.54
Anne Slater,Bars and restaurants,2012-11,53,102,Sweden,3002.18
Murphy Bartlett,Bars and restaurants,2012-11,30,37,Kenya,2942.61
Regina Gould,Bars and restaurants,2012-11,45,82,Portugal,2683.06
Aretha Wolfe,Bars and restaurants,2012-11,13,18,Macao,2678.09
Maxine Rivera,Bars and restaurants,2012-11,35,42,Gabon,2374.49
Mari Barrera,Bars and restaurants,2012-11,23,31,Bulgaria,2294.06
Martha Howe,Bars and restaurants,2012-11,12,22,Portugal,2266.29
Keane Burke,Bars and restaurants,2012-11,31,49,Guatemala,2200.86
Moses Cunningham,Bars and restaurants,2012-11,11,13,Germany,2170.48
Hiroko Anthony,Bars and restaurants,2012-11,16,47,United States Minor Outlying Islands,2148.76
Ariana Mathews,Bars and restaurants,2012-11,31,62,Rwanda,2119.47
Deacon Conway,Bars and restaurants,2012-11,15,16,Georgia,2082.47
Isabella Mckay,Bars and restaurants,2012-11,30,59,British Indian Ocean Territory,2070.38
Alexander Moran,Bars and restaurants,2012-11,31,45,Turkey,2048.98
Colleen Snider,Bars and restaurants,2012-11,33,55,Ghana,1985.62
Mason Greene,Bars and restaurants,2012-11,9,15,Iran,1972.92
Francesca Daugherty,Bars and restaurants,2012-11,23,30,Cook Islands,1876.63
Geraldine Heath,Bars and restaurants,2012-11,34,79,Belize,1848.29
Tyler Franks,Bars and restaurants,2012-11,25,56,Côte D'Ivoire (Ivory Coast),1806.41
Yoshio Watts,Bars and restaurants,2012-11,34,53,Paraguay,1806.33
Thaddeus Bennett,Bars and restaurants,2012-11,14,28,Hungary,1760.17
Lenore Hatfield,Bars and restaurants,2012-11,29,50,French Guiana,1537.76
Vincent Fischer,Bars and restaurants,2012-11,10,19,Cape Verde,1473.86
Nelle Matthews,Bars and restaurants,2012-11,13,33,Kazakhstan,1419.76
Hyatt Perkins,Bars and restaurants,2012-11,12,15,Canada,1402.21
Rylee Ford,Bars and restaurants,2012-11,24,42,Bolivia,1396.86
Michael Perry,Bars and restaurants,2012-11,6,8,Togo,1389.98
August Aguirre,Bars and restaurants,2012-11,22,39,Northern Mariana Islands,1369.04
Cassady Garrison,Bars and restaurants,2012-11,9,10,Colombia,1334.97
Oren Bishop,Bars and restaurants,2012-11,16,19,Hungary,1321.4
Omar Russo,Bars and restaurants,2012-11,6,7,South Sudan,1286.35
Colleen Foley,Bars and restaurants,2012-11,6,10,Timor-Leste,1250.55
William Bennett,Bars and restaurants,2012-11,9,15,Gabon,1225.64
Odette Brock,Bars and restaurants,2012-11,13,17,Pakistan,1224.29
Vernon Valdez,Bars and restaurants,2012-11,8,24,Panama,1192.2
Delilah Greene,Bars and restaurants,2012-11,9,15,Kenya,1176.85
Uriel Vargas,Bars and restaurants,2012-11,3,12,Zimbabwe,1164.94
Josiah Buck,Bars and restaurants,2012-11,28,42,Russian Federation,1159.18
Sylvia Erickson,Bars and restaurants,2012-11,11,15,New Zealand,1127.03
Deborah Hunter,Bars and restaurants,2012-11,8,13,Northern Mariana Islands,1121.98
Hamilton Witt,Bars and restaurants,2012-11,12,39,Chile,1114.75
Britanni Mooney,Bars and restaurants,2012-11,18,21,Norfolk Island,1082.26
Piper Daugherty,Bars and restaurants,2012-11,29,45,Oman,1077.84
Alexander Bell,Bars and restaurants,2012-11,15,21,Chad,1067.61
Harriet Richards,Bars and restaurants,2012-11,10,23,Bahrain,1054.61
Vivian Medina,Bars and restaurants,2012-11,6,11,El Salvador,1032.78
Bert Lott,Bars and restaurants,2012-11,11,16,Belarus,1024.98
Larissa Spears,Bars and restaurants,2012-11,6,6,Ireland,1006.05
Jared Hopkins,Bars and restaurants,2012-11,15,18,Seychelles,1004.11
Kirby Ingram,Bars and restaurants,2012-11,20,40,Chile,988.82
Christopher Reid,Bars and restaurants,2012-11,6,9,"Korea, South",974.35
George Washington,Bars and restaurants,2012-12,438,731,Russian Federation,38775.78
Moctezuma I,Bars and restaurants,2012-12,280,389,Brunei,23960.37
Queen Victoria,Bars and restaurants,2012-12,210,291,Aruba,18935.26
Alfredo Di Stéfano,Bars and restaurants,2012-12,241,328,Greece,17347.83
Catherine the Great,Bars and restaurants,2012-12,153,234,Austria,13783.81
Kareem Benzema,Bars and restaurants,2012-12,144,188,Kiribati,13321.66
Kiefer Ravena,Bars and restaurants,2012-12,176,227,Haiti,13219.43
Empress Jingu,Bars and restaurants,2012-12,129,167,Monaco,12819.46
"Maximilian I, Holy Roman Emperor",Bars and restaurants,2012-12,160,213,Micronesia,12190.83
Sidney Crosby,Bars and restaurants,2012-12,146,187,Lebanon,11896.28
Adrian Peterson,Bars and restaurants,2012-12,167,238,Turkey,11142.27
Manny Pacquiao,Bars and restaurants,2012-12,133,172,Jamaica,11011.12
Xerxes the Great,Bars and restaurants,2012-12,111,143,Mongolia,10767.17
Moctezuma I,Bars and restaurants,2012-12,97,128,Monaco,10116.04
Yvonne Marks,Bars and restaurants,2012-12,132,201,Macedonia,9896.06
Dai Christian,Bars and restaurants,2012-12,152,195,Guatemala,9792.79
Burton Gordon,Bars and restaurants,2012-12,123,174,Namibia,9220.9
Ali Rogers,Bars and restaurants,2012-12,131,186,Somalia,9020.85
Nash Duran,Bars and restaurants,2012-12,144,187,Barbados,8653.67
Lysandra Richard,Bars and restaurants,2012-12,103,160,Ukraine,8302.44
Price Zimmerman,Bars and restaurants,2012-12,114,158,Isle of Man,7139.68
Gannon Medina,Bars and restaurants,2012-12,106,186,Niue,6928.96
Jayme Alvarez,Bars and restaurants,2012-12,93,128,Japan,6723.11
Teagan Andrews,Bars and restaurants,2012-12,73,96,Gibraltar,6531.23
Brady Bean,Bars and restaurants,2012-12,71,106,Somalia,6416.18
Alec Burgess,Bars and restaurants,2012-12,85,109,Central African Republic,6212
Rhoda Mullins,Bars and restaurants,2012-12,75,110,South Georgia and The South Sandwich Islands,5698.27
Amela Rivers,Bars and restaurants,2012-12,69,96,Christmas Island,5354.09
Oliver Beck,Bars and restaurants,2012-12,90,135,Vanuatu,5228.09
Linus Norman,Bars and restaurants,2012-12,61,85,Nicaragua,4974
Casey Wilder,Bars and restaurants,2012-12,51,81,Uruguay,4389.34
Signe Steele,Bars and restaurants,2012-12,27,42,Andorra,4352.09
Portia Mathews,Bars and restaurants,2012-12,83,142,Iran,4311.39
Hoyt Morgan,Bars and restaurants,2012-12,48,78,Bouvet Island,3997.3
Lara Lynn,Bars and restaurants,2012-12,47,74,Sierra Leone,3948.81
Martha Jones,Bars and restaurants,2012-12,37,47,Holy See (Vatican City State),3863.32
Daria Chambers,Bars and restaurants,2012-12,39,65,Italy,3775.43
Noah Nicholson,Bars and restaurants,2012-12,65,90,Reunion,3624.51
Silas Hester,Bars and restaurants,2012-12,56,118,Laos,3504.69
Stone Knight,Bars and restaurants,2012-12,33,54,New Caledonia,3311.05
Clementine Allison,Bars and restaurants,2012-12,59,Xerxes the Great,Cambodia,3309.24
Ginger Joyner,Bars and restaurants,2012-12,70,Moctezuma I,Spain,3306.17
Chadwick Hull,Bars and restaurants,2012-12,6,11,Mongolia,3258.46
Isaiah Owen,Bars and restaurants,2012-12,54,70,Costa Rica,3234.88
Samson Owen,Bars and restaurants,2012-12,32,36,Trinidad and Tobago,3161.07
Harlan Higgins,Bars and restaurants,2012-12,31,45,Malawi,3101.21
Megan Merritt,Bars and restaurants,2012-12,39,62,Saint Martin,2805.12
Nissim Roth,Bars and restaurants,2012-12,18,20,Bahrain,2727.55
Fitzgerald Alvarez,Bars and restaurants,2012-12,17,23,Syria,2610.15
Baxter Hernandez,Bars and restaurants,2012-12,30,46,Norfolk Island,2609.44
Jillian Chase,Bars and restaurants,2012-12,42,55,Cayman Islands,2445.28
Myles Swanson,Bars and restaurants,2012-12,34,54,Germany,2395.06
Emmanuel Herring,Bars and restaurants,2012-12,35,63,Gambia,2193.92
Chandler Conley,Bars and restaurants,2012-12,8,15,Greenland,1916.74
Elmo Gentry,Bars and restaurants,2012-12,17,31,French Guiana,1869.49
Grace Barker,Bars and restaurants,2012-12,23,37,Azerbaijan,1847.59
Melyssa Irwin,Bars and restaurants,2012-12,28,33,Uruguay,1778.8
Aspen Middleton,Bars and restaurants,2012-12,20,48,Burkina Faso,1776.63
Alfonso Lawson,Bars and restaurants,2012-12,21,42,Viet Nam,1740.35
Warren Rocha,Bars and restaurants,2012-12,30,51,"Bonaire, Sint Eustatius and Saba",1739.57
Macon Clark,Bars and restaurants,2012-12,21,30,Mozambique,1709.14
Erin Ellison,Bars and restaurants,2012-12,29,46,Nigeria,1702.62
Jana Fowler,Bars and restaurants,2012-12,31,51,Serbia,1698.66
Halla Sanford,Bars and restaurants,2012-12,15,22,New Caledonia,1625.85
Quintessa Hart,Bars and restaurants,2012-12,19,36,Cocos (Keeling) Islands,1579.86
Aquila Daugherty,Bars and restaurants,2012-12,26,38,Australia,1538.29
Mariam Wolf,Bars and restaurants,2012-12,31,67,Belize,1536.44
Daria Buckner,Bars and restaurants,2012-12,17,23,Malta,1489.73
Hammett Mcconnell,Bars and restaurants,2012-12,20,31,Gabon,1484.78
Patrick Taylor,Bars and restaurants,2012-12,14,16,Iceland,1394.43
Cadman Stephens,Bars and restaurants,2012-12,15,16,Tuvalu,1384.7
Herman Head,Bars and restaurants,2012-12,9,11,Libya,1364.27
Lillith Poole,Bars and restaurants,2012-12,26,27,Japan,1299.17
Cedric Rice,Bars and restaurants,2012-12,3,7,Saint Lucia,1271.11
Fulton Davenport,Bars and restaurants,2012-12,10,14,Croatia,1266.42
Marshall Campos,Bars and restaurants,2012-12,5,17,Sri Lanka,1250.9
Alexa Walsh,Bars and restaurants,2012-12,14,18,Comoros,1249.1
Geoffrey Shields,Bars and restaurants,2012-12,10,15,Czech Republic,1240.7
Buckminster Wyatt,Bars and restaurants,2012-12,7,8,Burkina Faso,1225.4
Madeson Sargent,Bars and restaurants,2012-12,10,18,Indonesia,1222.61
Chester Ryan,Bars and restaurants,2012-12,8,13,Puerto Rico,1220.05
Dale Cook,Bars and restaurants,2012-12,33,60,Guernsey,1203.41
Imogene Gordon,Bars and restaurants,2012-12,4,6,Benin,1197.66
Ebony Phillips,Bars and restaurants,2012-12,12,13,Palau,1193.91
Jana Ferguson,Bars and restaurants,2012-12,5,6,Bahamas,1163.01
Igor Watkins,Bars and restaurants,2012-12,9,11,Viet Nam,1151.7
Griffith Mccarty,Bars and restaurants,2012-12,22,33,Kazakhstan,1140.59
Fatima Curry,Bars and restaurants,2012-12,32,35,Svalbard and Jan Mayen Islands,1125.33
Clinton Gallegos,Bars and restaurants,2012-12,5,6,Iraq,1120.96
Price Vazquez,Bars and restaurants,2012-12,20,29,Mali,1118.03
Lucius Odom,Bars and restaurants,2012-12,16,23,San Marino,1096.67
Lydia Knox,Bars and restaurants,2012-12,4,5,Ukraine,1084.09
Garth Gross,Bars and restaurants,2012-12,9,11,Ethiopia,1075.12
Quyn Talley,Bars and restaurants,2012-12,5,13,Burkina Faso,1058.26
Marcia Owens,Bars and restaurants,2012-12,25,28,Syria,1055.82
Claire Stuart,Bars and restaurants,2012-12,19,21,Andorra,1040.63
Ruth Sparks,Bars and restaurants,2012-12,9,14,Haiti,1021.51
Christen Hatfield,Bars and restaurants,2012-12,8,14,Latvia,999.74
Forrest Joseph,Bars and restaurants,2012-12,3,9,Chile,970.45
Tarantino,Bars and restaurants,2013-01,386,655,Greece,29552.59
Forrest Gump,Bars and restaurants,2013-01,263,348,French Guiana,21900.78
Paeng Nepomuceno,Bars and restaurants,2013-01,200,266,Gibraltar,15933.97
Natasha Richardson,Bars and restaurants,2013-01,139,192,Monaco,13268.48
Philip II of Macedon,Bars and restaurants,2013-01,131,175,Lebanon,11773.49
William I.,Bars and restaurants,2013-01,189,319,Central African Republic,11242.64
Tim Tebow,Bars and restaurants,2013-01,175,245,Poland,11232.22
Muttiah Muralitharan,Bars and restaurants,2013-01,171,246,Jordan,10517.04
Anna Paquin,Bars and restaurants,2013-01,122,211,Guam,10249.65
Josh Hutcherson,Bars and restaurants,2013-01,119,160,Cape Verde,10031.9
Constance Franklin,Bars and restaurants,2013-01,79,114,Burundi,9296.75
Cailin Avery,Bars and restaurants,2013-01,116,171,Viet Nam,8971.33
Hillary Lyons,Bars and restaurants,2013-01,83,119,Dominica,8730.5
Justine Madden,Bars and restaurants,2013-01,118,189,Belize,8613.6
Maryam Gray,Bars and restaurants,2013-01,109,146,Heard Island and Mcdonald Islands,8529.29
Theodore Wynn,Bars and restaurants,2013-01,114,173,Dominica,7768.28
Hermione Carver,Bars and restaurants,2013-01,105,156,Cambodia,7623.14
Jesse Gallagher,Bars and restaurants,2013-01,107,144,South Africa,7215.5
Abra Medina,Bars and restaurants,2013-01,116,190,Cameroon,7211.16
Graiden Ray,Bars and restaurants,2013-01,116,145,Iceland,6560.2
Kato Myers,Bars and restaurants,2013-01,81,138,Central African Republic,6531.32
Mary Trevino,Bars and restaurants,2013-01,79,102,Nigeria,6405.33
Remedios Nelson,Bars and restaurants,2013-01,70,102,Spain,5985.51
Charity Acosta,Bars and restaurants,2013-01,77,159,Cape Verde,5508.01
Gray Walls,Bars and restaurants,2013-01,78,106,"Saint Helena, Ascension and Tristan da Cunha",5431.69
Otto Flores,Bars and restaurants,2013-01,51,65,Saint Barthélemy,5124.76
Veronica Monroe,Bars and restaurants,2013-01,93,181,Yemen,4964.46
Jason Morrison,Bars and restaurants,2013-01,69,106,Faroe Islands,4955.35
Myra Turner,Bars and restaurants,2013-01,33,42,Bangladesh,4879.95
Arthur Klein,Bars and restaurants,2013-01,67,89,Colombia,4835.05
Thaddeus Bauer,Bars and restaurants,2013-01,51,76,Nigeria,4679.25
Stacy Gibson,Bars and restaurants,2013-01,46,80,Northern Mariana Islands,4467.69
Flavia Mullins,Bars and restaurants,2013-01,76,128,Tokelau,4436.8
Chava Sandoval,Bars and restaurants,2013-01,53,71,Tokelau,4117.24
Camille Fernandez,Bars and restaurants,2013-01,34,46,Niger,3634.63
Martena Orr,Bars and restaurants,2013-01,50,82,United Arab Emirates,3476.37
Joshua Nielsen,Bars and restaurants,2013-01,55,74,Bahrain,3119.17
Jeremy Mcpherson,Bars and restaurants,2013-01,62,98,Senegal,2913.83
Dillon Trevino,Bars and restaurants,2013-01,37,95,Viet Nam,2836.82
Martena Hinton,Bars and restaurants,2013-01,23,44,Georgia,2780.28
Dylan Mercer,Bars and restaurants,2013-01,21,36,Anguilla,2749.7
Austin Richmond,Bars and restaurants,2013-01,31,65,South Africa,2657.25
Kasper Bowers,Bars and restaurants,2013-01,59,91,Cuba,2467.49
Aurora Cleveland,Bars and restaurants,2013-01,33,70,Moldova,2277.58
Gray Pruitt,Bars and restaurants,2013-01,53,90,Niger,2218.19
Rigel Zamora,Bars and restaurants,2013-01,32,45,Barbados,1762.89
Lyle Buchanan,Bars and restaurants,2013-01,6,8,Niger,1747.69
Caesar Marsh,Bars and restaurants,2013-01,10,14,Kuwait,1723.58
Macy Phillips,Bars and restaurants,2013-01,32,57,Kazakhstan,1652.73
Sonia Norris,Bars and restaurants,2013-01,23,55,Cook Islands,1621.2
Tamara Boone,Bars and restaurants,2013-01,30,53,Tajikistan,1621.1
Glenna Bray,Bars and restaurants,2013-01,38,48,Mauritania,1543.26
Darius Kirby,Bars and restaurants,2013-01,22,42,Nigeria,1530.65
Basil Harrison,Bars and restaurants,2013-01,22,36,Tokelau,1503.56
Gannon Contreras,Bars and restaurants,2013-01,5,5,Papua New Guinea,1456.71
Lucian Slater,Bars and restaurants,2013-01,9,10,Russian Federation,1450.91
Tamara Lyons,Bars and restaurants,2013-01,31,77,Chile,1421.07
Fredericka Craft,Bars and restaurants,2013-01,22,33,Guadeloupe,1393.67
Erasmus Lyons,Bars and restaurants,2013-01,14,24,Pitcairn Islands,1385.57
Leonard Newman,Bars and restaurants,2013-01,26,42,South Africa,1309.06
Zachary Mccullough,Bars and restaurants,2013-01,16,19,Iran,1287.99
Kamal Moon,Bars and restaurants,2013-01,5,13,Ireland,1283.65
Edan Manning,Bars and restaurants,2013-01,9,17,Suriname,1274.3
Kylan Sellers,Bars and restaurants,2013-01,17,32,Zambia,1272.55
Mia Hess,Bars and restaurants,2013-01,25,31,Canada,1271.78
Cameron Lowe,Bars and restaurants,2013-01,25,46,United States,1258.65
Tad Gould,Bars and restaurants,2013-01,12,15,Latvia,1248.98
Lee Short,Bars and restaurants,2013-01,16,22,Eritrea,1231.35
Bethany Spencer,Bars and restaurants,2013-01,6,11,Liechtenstein,1201.83
Luke Neal,Bars and restaurants,2013-01,17,19,Thailand,1190.72
Garth Underwood,Bars and restaurants,2013-01,6,9,Vanuatu,1181.85
Honorato David,Bars and restaurants,2013-01,8,13,Sierra Leone,1175.57
Gillian Joseph,Bars and restaurants,2013-01,14,40,Tunisia,1164.43
Amity Kinney,Bars and restaurants,2013-01,5,9,Serbia,1155.49
Nola Edwards,Bars and restaurants,2013-01,10,15,"Virgin Islands, United States",1148.73
Shelly Walker,Bars and restaurants,2013-01,15,20,Micronesia,1144.32
Moses Daniels,Bars and restaurants,2013-01,9,11,Micronesia,1138.79
Ivory Marquez,Bars and restaurants,2013-01,5,7,Ethiopia,1084.99
Amery Gross,Bars and restaurants,2013-01,12,14,Iran,1082.5
Orli Leon,Bars and restaurants,2013-01,26,38,Argentina,1073.19
Lesley Weiss,Bars and restaurants,2013-01,7,8,United Kingdom (Great Britain),1033.78
Fuller Joseph,Bars and restaurants,2013-01,11,11,Tokelau,995.94
Nerea Donovan,Bars and restaurants,2013-01,5,12,Benin,924.79
Dalton Barlow,Bars and restaurants,2013-01,5,5,Saint Martin,924.78
Charissa Banks,Bars and restaurants,2013-01,8,8,Tanzania,923.94
Justina Richardson,Bars and restaurants,2013-01,5,6,Chad,921.65
Charissa Little,Bars and restaurants,2013-01,5,8,Sudan,914.01
Leroy Cooley,Bars and restaurants,2013-01,5,9,Gibraltar,904.16
Cody Thompson,Bars and restaurants,2013-01,5,8,Norfolk Island,881.85
Richard Faulkner,Bars and restaurants,2013-01,10,14,Tonga,827.72
Queen Victoria,Bars and restaurants,2013-02,411,760,Ukraine,36109.18
Lynn Carney,Bars and restaurants,2013-02,262,382,Bermuda,19809.65
Lamar Baird,Bars and restaurants,2013-02,220,379,Timor-Leste,15744.65
Alexandra Becker,Bars and restaurants,2013-02,194,283,Syria,13808.23
Dieter Montoya,Bars and restaurants,2013-02,179,253,Guadeloupe,12563.31
Madison Robles,Bars and restaurants,2013-02,190,268,Lesotho,12324.8
Richard Petty,Bars and restaurants,2013-02,138,237,Tonga,12165.67
Eric the Red,Bars and restaurants,2013-02,155,222,Equatorial Guinea,12027.3
Nicol David,Bars and restaurants,2013-02,126,170,Monaco,11422.01
Willie Mays,Bars and restaurants,2013-02,109,157,Burkina Faso,11368.72
Cleopatra,Bars and restaurants,2013-02,137,204,Nigeria,10971.28
Phil Taylor,Bars and restaurants,2013-02,103,133,Zimbabwe,10510.21
Quaid-e-Azam Muhammad Ali Jinnah,Bars and restaurants,2013-02,131,199,Guinea-Bissau,9542.84
Dave Winfield,Bars and restaurants,2013-02,86,132,Tonga,9269.44
Eva Green,Bars and restaurants,2013-02,123,208,Qatar,8779.69
Ho Chi Minh,Bars and restaurants,2013-02,109,146,Cyprus,8497.71
Hammurabi,Bars and restaurants,2013-02,129,223,Haiti,7711.37
Larry Bird,Bars and restaurants,2013-02,107,179,"Palestine, State of",7607.24
Cheryl Duke,Bars and restaurants,2013-02,77,112,Gibraltar,7588
Joy Patterson,Bars and restaurants,2013-02,108,158,Saint Lucia,7542.96
Jorden Pope,Bars and restaurants,2013-02,101,161,Peru,7401.98
Conan Bell,Bars and restaurants,2013-02,94,148,Tajikistan,6881.87
Lilah Lindsay,Bars and restaurants,2013-02,63,84,Afghanistan,6575.06
Zahir Craft,Bars and restaurants,2013-02,94,149,Gabon,6519.61
Candice Paul,Bars and restaurants,2013-02,60,88,Taiwan,6328.09
Kristen Matthews,Bars and restaurants,2013-02,74,114,Marshall Islands,6172.33
Mariam Pratt,Bars and restaurants,2013-02,40,63,Chile,6005.9
Tanya Morris,Bars and restaurants,2013-02,89,135,Bhutan,5964.42
TaShya Nixon,Bars and restaurants,2013-02,98,156,Laos,5376.31
Hayden Herman,Bars and restaurants,2013-02,70,107,Singapore,4940.82
Derek Goodwin,Bars and restaurants,2013-02,97,194,Viet Nam,4717.84
Cyrus Savage,Bars and restaurants,2013-02,56,69,Georgia,4176.55
Troy Mullen,Bars and restaurants,2013-02,53,110,Slovakia,4054.09
Kitra Carrillo,Bars and restaurants,2013-02,40,71,"Korea, North",3997.76
Brady Elliott,Bars and restaurants,2013-02,71,111,Brazil,3969.4
Nomlanga Gaines,Bars and restaurants,2013-02,68,121,Antigua and Barbuda,3917.45
Shelby Flynn,Bars and restaurants,2013-02,72,136,Iran,3685.07
Colleen Collins,Bars and restaurants,2013-02,43,57,Liberia,3520.42
Cole Riley,Bars and restaurants,2013-02,46,84,Mayotte,3410.65
Otto Mitchell,Bars and restaurants,2013-02,26,40,Martinique,3222.33
Basil Melton,Bars and restaurants,2013-02,40,102,Namibia,3197.29
Hannah Lambert,Bars and restaurants,2013-02,32,50,South Africa,3186.92
Chandler Tucker,Bars and restaurants,2013-02,5,10,Brunei,2968.25
Ebony Fischer,Bars and restaurants,2013-02,22,41,Northern Mariana Islands,2792.2
Reece Mills,Bars and restaurants,2013-02,51,94,Martinique,2767.58
Galena Cooper,Bars and restaurants,2013-02,46,76,Timor-Leste,2734.29
Seth Sampson,Bars and restaurants,2013-02,10,12,Senegal,2705.65
Holmes Harrison,Bars and restaurants,2013-02,17,20,Ethiopia,2466.89
Adara Mcclain,Bars and restaurants,2013-02,41,70,Barbados,2404.71
Ina Smith,Bars and restaurants,2013-02,7,11,Antarctica,2315.87
Kasimir Clayton,Bars and restaurants,2013-02,27,47,Jamaica,2309.39
Brenna Ford,Bars and restaurants,2013-02,11,14,Northern Mariana Islands,2259.29
Silas Albert,Bars and restaurants,2013-02,18,42,New Zealand,2248.34
Abra Carroll,Bars and restaurants,2013-02,25,41,Ethiopia,2236.62
Dustin Lloyd,Bars and restaurants,2013-02,45,89,Somalia,2235.89
Nola Graves,Bars and restaurants,2013-02,11,21,Malta,2212.53
Zelda Blankenship,Bars and restaurants,2013-02,24,35,Reunion,2209.19
Whilemina Mills,Bars and restaurants,2013-02,31,53,Kiribati,2205.95
Melinda Gregory,Bars and restaurants,2013-02,36,47,French Polynesia,2190.9
Sade Wilkerson,Bars and restaurants,2013-02,12,14,Hungary,2092.84
Anne Slater,Bars and restaurants,2013-02,50,71,Marshall Islands,2089
Murphy Bartlett,Bars and restaurants,2013-02,14,32,Dominica,1992.73
Regina Gould,Bars and restaurants,2013-02,11,16,Barbados,1878.69
Aretha Wolfe,Bars and restaurants,2013-02,24,39,Tajikistan,1865.48
Maxine Rivera,Bars and restaurants,2013-02,27,35,Zambia,1746.44
Mari Barrera,Bars and restaurants,2013-02,17,39,Pitcairn Islands,1515.66
Martha Howe,Bars and restaurants,2013-02,17,19,Central African Republic,1467
Keane Burke,Bars and restaurants,2013-02,28,60,Mali,1449.89
Moses Cunningham,Bars and restaurants,2013-02,12,15,Sweden,1448.4
Hiroko Anthony,Bars and restaurants,2013-02,29,57,Malta,1371.73
Ariana Mathews,Bars and restaurants,2013-02,6,12,Belarus,1341.93
Deacon Conway,Bars and restaurants,2013-02,14,29,"Congo, the Democratic Republic of the",1330.3
Isabella Mckay,Bars and restaurants,2013-02,23,73,Egypt,1312.13
Alexander Moran,Bars and restaurants,2013-02,26,33,Faroe Islands,1303.91
Colleen Snider,Bars and restaurants,2013-02,28,49,Saint Martin,1289.77
Mason Greene,Bars and restaurants,2013-02,6,8,Singapore,1278.9
Francesca Daugherty,Bars and restaurants,2013-02,32,41,Tunisia,1278.82
Geraldine Heath,Bars and restaurants,2013-02,9,16,Haiti,1274.11
Tyler Franks,Bars and restaurants,2013-02,30,61,Nepal,1273.45
Yoshio Watts,Bars and restaurants,2013-02,19,39,Svalbard and Jan Mayen Islands,1228.15
Thaddeus Bennett,Bars and restaurants,2013-02,11,15,Antarctica,1220.6
Lenore Hatfield,Bars and restaurants,2013-02,8,12,South Sudan,1209.48
Vincent Fischer,Bars and restaurants,2013-02,5,8,"Korea, South",1166.11
Nelle Matthews,Bars and restaurants,2013-02,21,27,Dominican Republic,1165.67
Hyatt Perkins,Bars and restaurants,2013-02,5,5,Grenada,1147.2
Rylee Ford,Bars and restaurants,2013-02,13,25,Equatorial Guinea,1146.06
Michael Perry,Bars and restaurants,2013-02,18,53,"Korea, South",1131.86
August Aguirre,Bars and restaurants,2013-02,17,21,Thailand,1073.32
Cassady Garrison,Bars and restaurants,2013-02,6,6,Chile,1067.38
Oren Bishop,Bars and restaurants,2013-02,10,11,India,1060.85
Omar Russo,Bars and restaurants,2013-02,12,15,Switzerland,1042.78
Colleen Foley,Bars and restaurants,2013-02,7,7,Guinea,1036.65
William Bennett,Bars and restaurants,2013-02,3,4,China,1017.01
Odette Brock,Bars and restaurants,2013-02,9,17,Finland,1007.35
Vernon Valdez,Bars and restaurants,2013-02,5,7,Burkina Faso,991.18
Delilah Greene,Bars and restaurants,2013-02,15,16,Armenia,988.92
Uriel Vargas,Bars and restaurants,2013-02,14,15,Bulgaria,986.3
Josiah Buck,Bars and restaurants,2013-02,8,15,Iraq,971.23
Brad Pitt,Bars and restaurants,2013-03,436,777,Bulgaria,36962.25
Napoleon Bonaparte,Bars and restaurants,2013-03,295,424,Mauritius,24672.89
Hamilton Witt,Bars and restaurants,2013-03,214,299,Indonesia,15031.28
Britanni Mooney,Bars and restaurants,2013-03,201,273,Mauritania,14975.45
Piper Daugherty,Bars and restaurants,2013-03,226,360,Andorra,13743.8
Alexander Bell,Bars and restaurants,2013-03,121,158,Turks and Caicos Islands,13324.2
Arminius,Bars and restaurants,2013-03,151,219,Marshall Islands,11810.47
Tom Brady,Bars and restaurants,2013-03,120,160,Northern Mariana Islands,10808.57
Odette Annable,Bars and restaurants,2013-03,188,244,Moldova,10624.29
James Monroe,Bars and restaurants,2013-03,129,205,Australia,10306.96
Billie Piper,Bars and restaurants,2013-03,112,155,Cambodia,9978.94
Arian Foster,Bars and restaurants,2013-03,99,132,Bhutan,9575.42
Rose Leslie,Bars and restaurants,2013-03,111,211,Mauritius,9285.05
George Lucas,Bars and restaurants,2013-03,113,149,British Indian Ocean Territory,9233.09
Bruce Jenner,Bars and restaurants,2013-03,135,160,Afghanistan,9221.01
Fidel Castro,Bars and restaurants,2013-03,119,185,Saint Lucia,8768.76
Jeanette Dyer,Bars and restaurants,2013-03,116,197,Botswana,8714.64
Bianca Fitzgerald,Bars and restaurants,2013-03,95,142,United States Minor Outlying Islands,8571.48
Claire Cruz,Bars and restaurants,2013-03,137,217,Swaziland,7385.02
Louis Lee,Bars and restaurants,2013-03,69,115,Cuba,7375.35
Cassady Quinn,Bars and restaurants,2013-03,72,102,Argentina,7342.26
Chloe Dejesus,Bars and restaurants,2013-03,123,184,Bulgaria,7228.36
Brynn Sullivan,Bars and restaurants,2013-03,108,139,Botswana,6440.02
Shelby Morin,Bars and restaurants,2013-03,80,117,Egypt,6397.62
Lael Tillman,Bars and restaurants,2013-03,75,106,Pitcairn Islands,5686.52
Sigourney Castaneda,Bars and restaurants,2013-03,57,87,Curaçao,5656.93
Melissa Mcneil,Bars and restaurants,2013-03,78,142,Bermuda,5609.29
Yvonne Marks,Bars and restaurants,2013-03,87,128,Åland Islands,5574.26
Dai Christian,Bars and restaurants,2013-03,92,142,Macao,5364.33
Burton Gordon,Bars and restaurants,2013-03,48,65,Turkmenistan,5049.98
Ali Rogers,Bars and restaurants,2013-03,85,111,Christmas Island,4581.73
Nash Duran,Bars and restaurants,2013-03,72,111,Grenada,4511.05
Lysandra Richard,Bars and restaurants,2013-03,70,83,Kuwait,4421.85
Price Zimmerman,Bars and restaurants,2013-03,60,110,Tajikistan,4349.9
Gannon Medina,Bars and restaurants,2013-03,35,61,Honduras,4293.48
Jayme Alvarez,Bars and restaurants,2013-03,50,117,Central African Republic,4260.91
Teagan Andrews,Bars and restaurants,2013-03,48,82,Morocco,3813.57
Brady Bean,Bars and restaurants,2013-03,43,70,Mali,3558.41
Alec Burgess,Bars and restaurants,2013-03,81,108,Uzbekistan,3544.45
Rhoda Mullins,Bars and restaurants,2013-03,31,51,Chad,3494.41
Amela Rivers,Bars and restaurants,2013-03,66,112,Libya,3292.39
Oliver Beck,Bars and restaurants,2013-03,24,42,Chad,3191.12
Linus Norman,Bars and restaurants,2013-03,56,97,Monaco,3172.72
Casey Wilder,Bars and restaurants,2013-03,39,74,Panama,3090.46
Signe Steele,Bars and restaurants,2013-03,12,19,Kuwait,2449.64
Portia Mathews,Bars and restaurants,2013-03,26,46,Cambodia,2378.61
Hoyt Morgan,Bars and restaurants,2013-03,12,18,Nepal,2136.13
Lara Lynn,Bars and restaurants,2013-03,7,16,Monaco,2073.74
Martha Jones,Bars and restaurants,2013-03,21,24,Mexico,2033.03
Daria Chambers,Bars and restaurants,2013-03,49,76,Benin,2027.18
Noah Nicholson,Bars and restaurants,2013-03,36,71,United Arab Emirates,1985.09
Silas Hester,Bars and restaurants,2013-03,55,70,Malaysia,1982.1
Stone Knight,Bars and restaurants,2013-03,32,46,Czech Republic,1979.61
Clementine Allison,Bars and restaurants,2013-03,12,20,Luxembourg,1859.11
Ginger Joyner,Bars and restaurants,2013-03,40,64,Congo (Brazzaville),1720.07
Chadwick Hull,Bars and restaurants,2013-03,17,24,Latvia,1689.14
Isaiah Owen,Bars and restaurants,2013-03,25,31,Albania,1652.75
Samson Owen,Bars and restaurants,2013-03,14,21,Bouvet Island,1650.78
Harlan Higgins,Bars and restaurants,2013-03,31,66,Indonesia,1630.86
Megan Merritt,Bars and restaurants,2013-03,17,31,Palau,1614.36
Nissim Roth,Bars and restaurants,2013-03,29,41,Senegal,1608.38
Fitzgerald Alvarez,Bars and restaurants,2013-03,22,29,Canada,1574.22
Baxter Hernandez,Bars and restaurants,2013-03,11,16,Aruba,1510.9
Jillian Chase,Bars and restaurants,2013-03,31,59,Togo,1474.73
Myles Swanson,Bars and restaurants,2013-03,4,4,Curaçao,1448.6
Emmanuel Herring,Bars and restaurants,2013-03,31,36,Saint Pierre and Miquelon,1443.96
Chandler Conley,Bars and restaurants,2013-03,17,31,Chad,1430.29
Elmo Gentry,Bars and restaurants,2013-03,10,11,South Africa,1407.42
Grace Barker,Bars and restaurants,2013-03,7,16,Pakistan,1395.16
Melyssa Irwin,Bars and restaurants,2013-03,3,6,South Georgia and The South Sandwich Islands,1381.48
Aspen Middleton,Bars and restaurants,2013-03,19,30,Albania,1336.82
Alfonso Lawson,Bars and restaurants,2013-03,10,14,Guyana,1308.11
Warren Rocha,Bars and restaurants,2013-03,28,62,Netherlands,1307.08
Macon Clark,Bars and restaurants,2013-03,25,39,Myanmar,1298.67
Erin Ellison,Bars and restaurants,2013-03,18,42,Switzerland,1237.24
Jana Fowler,Bars and restaurants,2013-03,18,25,Jamaica,1220.74
Halla Sanford,Bars and restaurants,2013-03,13,32,Russian Federation,1214.53
Quintessa Hart,Bars and restaurants,2013-03,5,8,Czech Republic,1180.82
Aquila Daugherty,Bars and restaurants,2013-03,9,23,San Marino,1179.97
Mariam Wolf,Bars and restaurants,2013-03,15,19,Guinea-Bissau,1163.3
Daria Buckner,Bars and restaurants,2013-03,10,10,Japan,1145.65
Hammett Mcconnell,Bars and restaurants,2013-03,8,9,"Saint Helena, Ascension and Tristan da Cunha",1138.21
Patrick Taylor,Bars and restaurants,2013-03,14,15,Costa Rica,1132.36
Cadman Stephens,Bars and restaurants,2013-03,21,40,New Zealand,1121.9
Herman Head,Bars and restaurants,2013-03,21,23,Ghana,1121.17
Lillith Poole,Bars and restaurants,2013-03,9,11,Brunei,1119.2
Cedric Rice,Bars and restaurants,2013-03,26,47,Lesotho,1110.18
Fulton Davenport,Bars and restaurants,2013-03,30,47,Finland,1077.29
Marshall Campos,Bars and restaurants,2013-03,16,23,Thailand,1065.91
Alexa Walsh,Bars and restaurants,2013-03,22,25,Liberia,1058.99
Geoffrey Shields,Bars and restaurants,2013-03,12,12,Bahrain,1022.4
Buckminster Wyatt,Bars and restaurants,2013-03,18,24,United Arab Emirates,1001.1
Madeson Sargent,Bars and restaurants,2013-03,22,34,Puerto Rico,988.3
Chester Ryan,Bars and restaurants,2013-03,14,29,Luxembourg,978.99
Dale Cook,Bars and restaurants,2013-03,15,27,Kiribati,967.21
Imogene Gordon,Bars and restaurants,2013-03,4,5,Oman,955.7
Donald Trump,Bars and restaurants,2013-04,438,818,Australia,40254.28
Brad Pitt,Bars and restaurants,2013-04,276,398,"Virgin Islands, British",22147.93
Igor Watkins,Bars and restaurants,2013-04,244,363,Laos,15397.02
Griffith Mccarty,Bars and restaurants,2013-04,210,325,Paraguay,14128.9
Fatima Curry,Bars and restaurants,2013-04,163,220,Andorra,12265.24
Clinton Gallegos,Bars and restaurants,2013-04,172,253,Tokelau,11931.46
Thierry Henry,Bars and restaurants,2013-04,120,160,Aruba,11469.71
Vanessa Hudgens,Bars and restaurants,2013-04,137,214,Zimbabwe,10542.55
James Marsden,Bars and restaurants,2013-04,146,218,Burundi,10500.88
Joan of Arc,Bars and restaurants,2013-04,133,215,Costa Rica,9857.96
Derrick Rose,Bars and restaurants,2013-04,110,157,Rwanda,9832.51
atilla the hun,Bars and restaurants,2013-04,121,182,Saudi Arabia,9558.74
David Beckham,Bars and restaurants,2013-04,154,219,Thailand,9330.16
Winston Churchill,Bars and restaurants,2013-04,94,113,Uganda,9261.54
Pepin the Short,Bars and restaurants,2013-04,116,175,Mali,9234.88
Forrest Joseph,Bars and restaurants,2013-04,78,120,Slovakia,9130.34
Malik Salinas,Bars and restaurants,2013-04,114,160,Western Sahara,9097.04
Kibo Robertson,Bars and restaurants,2013-04,113,168,Australia,8219.04
Bruno Banks,Bars and restaurants,2013-04,128,213,United States,8039.99
Megan Gilmore,Bars and restaurants,2013-04,81,115,Nepal,7525.07
Drake Woods,Bars and restaurants,2013-04,119,231,Libya,7421.21
Solomon Dawson,Bars and restaurants,2013-04,117,171,Haiti,6978.63
Nevada Spears,Bars and restaurants,2013-04,96,129,Mayotte,6973.52
David Fox,Bars and restaurants,2013-04,103,153,Aruba,6552.21
Tana Oneill,Bars and restaurants,2013-04,97,131,Poland,6453.91
Sigourney Walker,Bars and restaurants,2013-04,79,131,Antigua and Barbuda,6279.11
Constance Franklin,Bars and restaurants,2013-04,78,153,Andorra,5847.68
Cailin Avery,Bars and restaurants,2013-04,69,107,Georgia,5780.04
Hillary Lyons,Bars and restaurants,2013-04,99,209,Gibraltar,5705.01
Justine Madden,Bars and restaurants,2013-04,68,96,Czech Republic,4899.92
Maryam Gray,Bars and restaurants,2013-04,65,119,Saudi Arabia,4630.07
Theodore Wynn,Bars and restaurants,2013-04,59,116,Botswana,4369.16
Hermione Carver,Bars and restaurants,2013-04,47,73,Palau,4076.32
Jesse Gallagher,Bars and restaurants,2013-04,37,65,Marshall Islands,3926.35
Abra Medina,Bars and restaurants,2013-04,59,82,Macao,3924.29
Graiden Ray,Bars and restaurants,2013-04,35,55,Dominica,3771.65
Kato Myers,Bars and restaurants,2013-04,67,113,Guyana,3362.21
Mary Trevino,Bars and restaurants,2013-04,47,98,Saint Lucia,3165.93
Remedios Nelson,Bars and restaurants,2013-04,19,24,Isle of Man,3122.43
Charity Acosta,Bars and restaurants,2013-04,25,37,Solomon Islands,2914.35
Gray Walls,Bars and restaurants,2013-04,35,69,Saint Lucia,2843.31
Otto Flores,Bars and restaurants,2013-04,45,60,Norfolk Island,2822.17
Veronica Monroe,Bars and restaurants,2013-04,50,90,South Sudan,2756.6
Jason Morrison,Bars and restaurants,2013-04,46,55,Greenland,2702.76
Myra Turner,Bars and restaurants,2013-04,46,85,Iceland,2686.64
Arthur Klein,Bars and restaurants,2013-04,43,77,Somalia,2582.78
Thaddeus Bauer,Bars and restaurants,2013-04,23,42,Iran,2537.79
Stacy Gibson,Bars and restaurants,2013-04,29,38,Morocco,2487.5
Flavia Mullins,Bars and restaurants,2013-04,33,54,Papua New Guinea,2326.44
Chava Sandoval,Bars and restaurants,2013-04,30,49,Falkland Islands,2206.21
Camille Fernandez,Bars and restaurants,2013-04,20,39,Tokelau,2111.57
Martena Orr,Bars and restaurants,2013-04,13,34,Togo,2023.56
Joshua Nielsen,Bars and restaurants,2013-04,8,13,Taiwan,1863.73
Jeremy Mcpherson,Bars and restaurants,2013-04,38,49,Reunion,1845.1
Dillon Trevino,Bars and restaurants,2013-04,13,17,Bermuda,1829.81
Martena Hinton,Bars and restaurants,2013-04,25,32,Djibouti,1819.42
Dylan Mercer,Bars and restaurants,2013-04,7,8,Dominican Republic,1736.69
Austin Richmond,Bars and restaurants,2013-04,11,13,Pitcairn Islands,1727.58
Kasper Bowers,Bars and restaurants,2013-04,38,64,Myanmar,1666.87
Aurora Cleveland,Bars and restaurants,2013-04,34,47,Malaysia,1636.15
Gray Pruitt,Bars and restaurants,2013-04,7,12,Grenada,1583.89
Rigel Zamora,Bars and restaurants,2013-04,9,16,Greenland,1571.2
Lyle Buchanan,Bars and restaurants,2013-04,6,10,Puerto Rico,1561.02
Caesar Marsh,Bars and restaurants,2013-04,16,25,Guam,1506.64
Macy Phillips,Bars and restaurants,2013-04,19,27,Iceland,1483.26
Sonia Norris,Bars and restaurants,2013-04,16,17,Kiribati,1467.77
Tamara Boone,Bars and restaurants,2013-04,28,75,Congo (Brazzaville),1465.35
Glenna Bray,Bars and restaurants,2013-04,7,8,Belgium,1459.44
Darius Kirby,Bars and restaurants,2013-04,3,4,Guernsey,1423.25
Basil Harrison,Bars and restaurants,2013-04,13,19,Portugal,1399.65
Gannon Contreras,Bars and restaurants,2013-04,26,51,Liberia,1392.13
Lucian Slater,Bars and restaurants,2013-04,32,87,Brunei,1380.16
Tamara Lyons,Bars and restaurants,2013-04,22,31,Suriname,1322.85
Fredericka Craft,Bars and restaurants,2013-04,40,57,Egypt,1296.59
Erasmus Lyons,Bars and restaurants,2013-04,18,30,Dominica,1283.79
Leonard Newman,Bars and restaurants,2013-04,13,18,Malaysia,1281.39
Zachary Mccullough,Bars and restaurants,2013-04,36,50,Malawi,1265.08
Kamal Moon,Bars and restaurants,2013-04,5,13,Jersey,1253.82
Edan Manning,Bars and restaurants,2013-04,13,25,Bhutan,1250.66
Kylan Sellers,Bars and restaurants,2013-04,21,62,Austria,1244.91
Mia Hess,Bars and restaurants,2013-04,10,14,Guinea,1240.5
Cameron Lowe,Bars and restaurants,2013-04,19,47,Central African Republic,1228.4
Tad Gould,Bars and restaurants,2013-04,25,37,Colombia,1204.09
Lee Short,Bars and restaurants,2013-04,23,47,Japan,1181.05
Bethany Spencer,Bars and restaurants,2013-04,4,4,Madagascar,1115.71
Luke Neal,Bars and restaurants,2013-04,18,37,Kazakhstan,1098.8
Garth Underwood,Bars and restaurants,2013-04,9,17,Heard Island and Mcdonald Islands,1041.21
Honorato David,Bars and restaurants,2013-04,7,10,Cayman Islands,1032.02
Gillian Joseph,Bars and restaurants,2013-04,4,9,Gabon,939.17
Amity Kinney,Bars and restaurants,2013-04,10,13,Afghanistan,933.52
Nola Edwards,Bars and restaurants,2013-04,15,17,"Korea, South",920.11
Shelly Walker,Bars and restaurants,2013-04,7,12,Congo (Brazzaville),915.58
Moses Daniels,Bars and restaurants,2013-04,11,13,Dominica,913.64
Ivory Marquez,Bars and restaurants,2013-04,6,6,British Indian Ocean Territory,912.57
Amery Gross,Bars and restaurants,2013-04,10,10,Trinidad and Tobago,911.58
Orli Leon,Bars and restaurants,2013-04,10,13,Afghanistan,933.52
Lesley Weiss,Bars and restaurants,2013-04,15,17,"Korea, South",920.11
Fuller Joseph,Bars and restaurants,2013-04,7,12,Congo (Brazzaville),915.58
Nerea Donovan,Bars and restaurants,2013-04,11,13,Dominica,913.64
Dalton Barlow,Bars and restaurants,2013-04,6,6,British Indian Ocean Territory,912.57
Charissa Banks,Bars and restaurants,2013-04,10,10,Trinidad and Tobago,911.58
Justina Richardson,Books and press,2012-11,50,59,Martinique,2942.39
Charissa Little,Books and press,2012-11,7,9,Fiji,686.31
Leroy Cooley,Books and press,2012-11,21,23,Thailand,649.13
Cody Thompson,Books and press,2012-11,6,7,Bosnia and Herzegovina,647.45
Richard Faulkner,Books and press,2012-11,9,11,El Salvador,611.9
Lavinia Scott,Books and press,2012-11,7,8,Germany,572.39
Lynn Carney,Books and press,2012-11,7,8,Saint Lucia,474.16
Lamar Baird,Books and press,2012-11,16,19,Togo,454.71
Alexandra Becker,Books and press,2012-11,5,6,Botswana,338.85
Dieter Montoya,Books and press,2012-11,3,4,Armenia,310.96
Madison Robles,Books and press,2012-11,5,5,"Saint Helena, Ascension and Tristan da Cunha",303.04
Otto Vang,Books and press,2012-11,5,5,Cambodia,280.4
Cherokee Soto,Books and press,2012-11,4,4,Poland,210.4
Uriah Turner,Books and press,2012-11,3,3,Curaçao,206.15
Inga Swanson,Books and press,2012-11,3,4,Belarus,204.65
Lois Copeland,Books and press,2012-11,3,3,Gambia,191.92
Hannah Saunders,Books and press,2012-11,6,7,Saint Martin,187.63
Celeste Tyson,Books and press,2012-11,5,5,Comoros,174.89
Haley Hopper,Books and press,2012-11,4,5,Barbados,172
Nelle Potter,Books and press,2012-11,5,6,Thailand,149.25
Allen Sullivan,Books and press,2012-11,3,3,Sri Lanka,122.72
Mari Roberson,Books and press,2012-11,5,5,Italy,100.45
Chester Hood,Books and press,2012-11,3,3,Burundi,92.9
Cheryl Duke,Books and press,2012-11,4,4,"Korea, North",73.9
Joy Patterson,Books and press,2012-11,3,3,Kuwait,64.01
Jorden Pope,Books and press,2012-12,44,50,Morocco,2562.27
Conan Bell,Books and press,2012-12,20,24,Mozambique,1339.13
Lilah Lindsay,Books and press,2012-12,7,7,British Indian Ocean Territory,1220.14
Zahir Craft,Books and press,2012-12,15,18,Iraq,897.86
Candice Paul,Books and press,2012-12,5,6,Macao,711.09
Kristen Matthews,Books and press,2012-12,6,6,Tonga,664.86
Mariam Pratt,Books and press,2012-12,5,7,Singapore,599.95
Tanya Morris,Books and press,2012-12,6,7,Angola,586.37
TaShya Nixon,Books and press,2012-12,13,14,Zimbabwe,576.64
Hayden Herman,Books and press,2012-12,6,7,Haiti,450.33
Derek Goodwin,Books and press,2012-12,6,6,Gambia,429.82
Cyrus Savage,Books and press,2012-12,3,3,Micronesia,403.2
Troy Mullen,Books and press,2012-12,4,5,Maldives,356.79
Kitra Carrillo,Books and press,2012-12,4,4,Madagascar,352.35
Brady Elliott,Books and press,2012-12,9,10,Myanmar,347.48
Nomlanga Gaines,Books and press,2012-12,9,9,Samoa,296.15
Shelby Flynn,Books and press,2012-12,3,4,Cocos (Keeling) Islands,292.1
Colleen Collins,Books and press,2012-12,7,7,Nicaragua,261.89
Cole Riley,Books and press,2012-12,5,5,Niger,240.85
Otto Mitchell,Books and press,2012-12,7,7,Equatorial Guinea,215.46
Basil Melton,Books and press,2012-12,3,3,Puerto Rico,201.89
Hannah Lambert,Books and press,2012-12,6,6,Finland,198.37
Chandler Tucker,Books and press,2012-12,7,8,Sri Lanka,196.56
Ebony Fischer,Books and press,2012-12,3,6,Peru,189.33
Reece Mills,Books and press,2012-12,4,4,Trinidad and Tobago,187.7
Galena Cooper,Books and press,2012-12,4,5,Christmas Island,151.41
Seth Sampson,Books and press,2012-12,4,4,Bahamas,146.41
Holmes Harrison,Books and press,2012-12,4,6,Ireland,94.74
Adara Mcclain,Books and press,2012-12,4,4,Gibraltar,91.98
Ina Smith,Books and press,2012-12,3,3,Poland,90.81
Kasimir Clayton,Books and press,2012-12,6,6,Bermuda,76.76
Brenna Ford,Books and press,2013-01,44,48,Nigeria,2117.24
Silas Albert,Books and press,2013-01,15,17,Trinidad and Tobago,1591.9
Abra Carroll,Books and press,2013-01,5,5,Monaco,717.1
Dustin Lloyd,Books and press,2013-01,3,3,Gibraltar,528.69
Nola Graves,Books and press,2013-01,4,4,Comoros,523.95
Zelda Blankenship,Books and press,2013-01,12,13,Antarctica,450.64
Whilemina Mills,Books and press,2013-01,3,3,Uzbekistan,336.9
Melinda Gregory,Books and press,2013-01,3,3,Åland Islands,335.26
Sade Wilkerson,Books and press,2013-01,4,4,Guinea-Bissau,314.17
Anne Slater,Books and press,2013-01,3,3,Saint Kitts and Nevis,305.2
Murphy Bartlett,Books and press,2013-01,9,10,Zimbabwe,294.25
Regina Gould,Books and press,2013-01,3,3,Tokelau,282.38
Aretha Wolfe,Books and press,2013-01,4,4,Kyrgyzstan,232.36
Maxine Rivera,Books and press,2013-01,7,7,Botswana,224.24
Mari Barrera,Books and press,2013-01,6,7,Central African Republic,210.18
Martha Howe,Books and press,2013-01,10,10,Ireland,208.12
Keane Burke,Books and press,2013-01,3,3,Australia,183.35
Moses Cunningham,Books and press,2013-01,5,7,Nicaragua,173.5
Hiroko Anthony,Books and press,2013-01,4,5,Ethiopia,154.45
Ariana Mathews,Books and press,2013-01,3,3,Uruguay,143.9
Deacon Conway,Books and press,2013-01,4,4,"Virgin Islands, British",140.38
Isabella Mckay,Books and press,2013-01,5,5,Chile,133.92
Alexander Moran,Books and press,2013-01,4,4,United Kingdom (Great Britain),108.49
Colleen Snider,Books and press,2013-01,5,5,Kyrgyzstan,90.25
Mason Greene,Books and press,2013-01,3,3,Burkina Faso,59.51
Francesca Daugherty,Books and press,2013-01,3,3,"Korea, South",54.55
Geraldine Heath,Books and press,2013-01,3,3,Slovenia,41.31
Tyler Franks,Books and press,2013-02,34,36,Oman,1402.14
Yoshio Watts,Books and press,2013-02,8,9,Bouvet Island,609.92
Thaddeus Bennett,Books and press,2013-02,11,12,Angola,578.73
Lenore Hatfield,Books and press,2013-02,11,11,United States Minor Outlying Islands,561.12
Vincent Fischer,Books and press,2013-02,11,12,Latvia,515.4
Nelle Matthews,Books and press,2013-02,4,4,Armenia,426.86
Hyatt Perkins,Books and press,2013-02,8,8,Fiji,300.49
Rylee Ford,Books and press,2013-02,4,5,Hungary,294.12
Michael Perry,Books and press,2013-02,3,3,Belgium,280
August Aguirre,Books and press,2013-02,3,4,Cape Verde,249.19
Cassady Garrison,Books and press,2013-02,3,3,Colombia,234.87
Oren Bishop,Books and press,2013-02,5,9,Eritrea,226.74
Omar Russo,Books and press,2013-02,4,4,Martinique,212.28
Colleen Foley,Books and press,2013-02,3,3,Bangladesh,160
William Bennett,Books and press,2013-02,5,5,Cuba,148.95
Odette Brock,Books and press,2013-02,3,3,Spain,135.93
Vernon Valdez,Books and press,2013-02,4,4,Aruba,102.14
Delilah Greene,Books and press,2013-02,3,3,Poland,97
Uriel Vargas,Books and press,2013-02,3,5,Guyana,94.6
Josiah Buck,Books and press,2013-02,4,4,Trinidad and Tobago,93.38
Sylvia Erickson,Books and press,2013-02,3,3,Serbia,68.7
Deborah Hunter,Books and press,2013-02,3,3,Comoros,63.77
Hamilton Witt,Books and press,2013-02,4,4,Netherlands,49.23
Britanni Mooney,Books and press,2013-03,30,33,Heard Island and Mcdonald Islands,1764.15
Piper Daugherty,Books and press,2013-03,15,15,Belize,730.29
Alexander Bell,Books and press,2013-03,18,21,Moldova,676.99
Harriet Richards,Books and press,2013-03,5,8,Macedonia,612.37
Vivian Medina,Books and press,2013-03,9,9,Sint Maarten,581.69
Bert Lott,Books and press,2013-03,7,8,Cameroon,468.6
Larissa Spears,Books and press,2013-03,6,8,Cook Islands,441.82
Jared Hopkins,Books and press,2013-03,6,7,Sweden,386.55
Kirby Ingram,Books and press,2013-03,4,4,Curaçao,310.5
Christopher Reid,Books and press,2013-03,10,11,San Marino,299.57
Charlotte Pratt,Books and press,2013-03,3,5,Liechtenstein,273.05
Howard Watkins,Books and press,2013-03,3,3,Equatorial Guinea,272.59
Tyrone Mcfadden,Books and press,2013-03,3,3,Somalia,226
Jeanette Dyer,Books and press,2013-03,4,4,Liberia,170.97
Bianca Fitzgerald,Books and press,2013-03,4,4,Turkey,144.31
Claire Cruz,Books and press,2013-03,3,4,France,131.26
Louis Lee,Books and press,2013-03,4,4,Azerbaijan,106.06
Cassady Quinn,Books and press,2013-03,3,4,Cambodia,84.02
Chloe Dejesus,Books and press,2013-03,4,4,Montenegro,76.68
Brynn Sullivan,Books and press,2013-03,3,3,Somalia,76.41
Shelby Morin,Books and press,2013-04,24,27,Hong Kong,1157.84
Lael Tillman,Books and press,2013-04,11,13,Curaçao,611.71
Sigourney Castaneda,Books and press,2013-04,16,18,Estonia,594.21
Melissa Mcneil,Books and press,2013-04,6,6,Dominican Republic,554.67
Yvonne Marks,Books and press,2013-04,10,12,"Virgin Islands, United States",473.86
Dai Christian,Books and press,2013-04,7,8,Northern Mariana Islands,438.94
Burton Gordon,Books and press,2013-04,11,11,El Salvador,390.52
Ali Rogers,Books and press,2013-04,8,10,Lithuania,331.96
Nash Duran,Books and press,2013-04,5,6,Zimbabwe,307.59
Lysandra Richard,Books and press,2013-04,6,7,Sao Tome and Principe,275.34
Price Zimmerman,Books and press,2013-04,6,6,Jamaica,260.88
Gannon Medina,Books and press,2013-04,3,3,Kazakhstan,256.14
Jayme Alvarez,Books and press,2013-04,4,4,Mauritius,229.77
Teagan Andrews,Books and press,2013-04,6,6,Turks and Caicos Islands,225.86
Brady Bean,Books and press,2013-04,5,6,Gambia,191.45
Alec Burgess,Books and press,2013-04,6,6,Bouvet Island,174.37
Rhoda Mullins,Books and press,2013-04,3,3,Uruguay,145.85
Amela Rivers,Books and press,2013-04,3,3,Guernsey,128.26
Oliver Beck,Books and press,2013-04,5,5,British Indian Ocean Territory,119.64
Linus Norman,Books and press,2013-04,4,4,South Sudan,94.67
Casey Wilder,Books and press,2013-04,4,4,Norway,91.08
Signe Steele,Books and press,2013-04,3,3,Guinea,87.65
Portia Mathews,Books and press,2013-04,4,4,Slovakia,83.86
Hoyt Morgan,Books and press,2013-04,3,3,Moldova,78.5
Lara Lynn,Books and press,2013-04,3,3,"Bonaire, Sint Eustatius and Saba",70.34
Josip Broz Tito,Fashion,2012-11,547,1015,United States Minor Outlying Islands,92724.54
Tilda Swinton,Fashion,2012-11,486,811,Marshall Islands,69935.99
Nelson Mandela,Fashion,2012-11,401,627,Greenland,64328.42
Dwayne Johnson,Fashion,2012-11,366,564,Kazakhstan,54563.77
Richard Armitage,Fashion,2012-11,426,657,Tunisia,53637.72
Augustus II the Strong,Fashion,2012-11,254,407,Sweden,51637.09
Tom Daley,Fashion,2012-11,186,300,Comoros,41811.25
Selim I,Fashion,2012-11,411,629,Solomon Islands,41735.05
Kevin Durant,Fashion,2012-11,206,324,Antigua and Barbuda,37622.96
Domhnall Gleeson,Fashion,2012-11,239,346,Cambodia,36767.52
Connie Nielsen,Fashion,2012-11,96,173,Singapore,33639.13
Drew Barrymore,Fashion,2012-11,167,234,Kazakhstan,33008.48
Brett Piercey,Fashion,2012-11,213,305,Nicaragua,28969.33
Ansel Elgort,Fashion,2012-11,132,197,France,25901.41
Karl Marx,Fashion,2012-11,222,316,Brazil,24246.07
Justinian I,Fashion,2012-11,146,254,Sao Tome and Principe,24064.79
Vladimir Lenin,Fashion,2012-11,141,199,"Saint Helena, Ascension and Tristan da Cunha",21941.79
Kristen Wiig,Fashion,2012-11,243,352,Peru,21691.06
Jahangir Khan,Fashion,2012-11,70,109,Bosnia and Herzegovina,21090.63
Sandra Bullock,Fashion,2012-11,129,189,Latvia,20763.89
Henry Rono,Fashion,2012-11,154,219,United States Minor Outlying Islands,20667.19
Uma Thurman,Fashion,2012-11,179,260,Sint Maarten,20372.39
Oscar Robertson,Fashion,2012-11,80,140,Micronesia,20076.83
Zoey Deutch,Fashion,2012-11,99,136,Italy,19765.75
Babe Didrikson Zaharias,Fashion,2012-11,130,212,Kazakhstan,19019.74
Napoleon Bonaparte,Fashion,2012-11,127,189,Christmas Island,18601.55
Manny Ramirez,Fashion,2012-11,69,110,Pitcairn Islands,18391.61
Mustafa Kemal Atatürk,Fashion,2012-11,128,180,Grenada,18044.47
Naim Süleymanoğlu,Fashion,2012-11,116,159,Greenland,17448.86
Jeff Ward,Fashion,2012-11,174,233,Madagascar,15239.49
Theo James,Fashion,2012-11,26,35,Saint Pierre and Miquelon,13995.41
Jared Zabransky,Fashion,2012-11,52,82,China,11181.37
Diane Kruger,Fashion,2012-11,90,113,Angola,10781.58
Hammett Mcconnell,Fashion,2012-11,101,141,Guadeloupe,9898.73
Patrick Taylor,Fashion,2012-11,124,178,Netherlands,9409.15
Cadman Stephens,Fashion,2012-11,92,131,"Saint Helena, Ascension and Tristan da Cunha",9301.36
Herman Head,Fashion,2012-11,69,94,Togo,8375.08
Lillith Poole,Fashion,2012-11,24,39,"Saint Helena, Ascension and Tristan da Cunha",8241.24
Cedric Rice,Fashion,2012-11,32,51,"Saint Helena, Ascension and Tristan da Cunha",7803.79
Fulton Davenport,Fashion,2012-11,64,84,Cocos (Keeling) Islands,7474.07
Marshall Campos,Fashion,2012-11,71,105,Montserrat,6887.2
Alexa Walsh,Fashion,2012-11,38,54,Netherlands,6771.47
Geoffrey Shields,Fashion,2012-11,50,64,Cyprus,6726.64
Buckminster Wyatt,Fashion,2012-11,44,67,Yemen,6384.04
Madeson Sargent,Fashion,2012-11,33,56,San Marino,6163.98
Chester Ryan,Fashion,2012-11,15,19,Armenia,5966.43
Dale Cook,Fashion,2012-11,9,15,Svalbard and Jan Mayen Islands,5918.65
Imogene Gordon,Fashion,2012-11,61,83,Monaco,5682.67
Ebony Phillips,Fashion,2012-11,53,68,Western Sahara,5657.85
Jana Ferguson,Fashion,2012-11,8,14,Philippines,5340.58
Igor Watkins,Fashion,2012-11,55,77,Pakistan,5238.79
Griffith Mccarty,Fashion,2012-11,8,13,El Salvador,5138.07
Fatima Curry,Fashion,2012-11,17,22,New Caledonia,5121.31
Clinton Gallegos,Fashion,2012-11,3,4,Lithuania,5093.84
Price Vazquez,Fashion,2012-11,13,19,Saint Kitts and Nevis,4849.17
Lucius Odom,Fashion,2012-11,5,7,Bermuda,4770
Lydia Knox,Fashion,2012-11,13,21,Ghana,4611.72
Garth Gross,Fashion,2012-11,30,51,Turkey,4534.41
Quyn Talley,Fashion,2012-11,7,14,Niue,4450
Marcia Owens,Fashion,2012-11,9,13,Kenya,4440.2
Claire Stuart,Fashion,2012-11,49,66,Suriname,4403.01
Ruth Sparks,Fashion,2012-11,34,53,New Caledonia,4226.16
Christen Hatfield,Fashion,2012-11,11,16,United States Minor Outlying Islands,4130.94
Forrest Joseph,Fashion,2012-11,53,69,Japan,4118.07
Malik Salinas,Fashion,2012-11,3,4,Congo (Brazzaville),4110.85
Kibo Robertson,Fashion,2012-11,59,67,Grenada,3823
Bruno Banks,Fashion,2012-11,36,50,Sierra Leone,3727.48
Megan Gilmore,Fashion,2012-11,7,12,Bouvet Island,3674.51
Drake Woods,Fashion,2012-11,16,22,Cook Islands,3658.92
Solomon Dawson,Fashion,2012-11,24,30,Pakistan,3639.86
Nevada Spears,Fashion,2012-11,19,34,Indonesia,3612.07
David Fox,Fashion,2012-11,7,13,Saint Martin,3559.64
Tana Oneill,Fashion,2012-11,35,45,Reunion,3467.46
Sigourney Walker,Fashion,2012-11,36,42,Madagascar,3458.57
Constance Franklin,Fashion,2012-11,34,39,Palau,3447.49
Cailin Avery,Fashion,2012-11,21,29,Syria,3424.7
Hillary Lyons,Fashion,2012-11,7,13,Guadeloupe,3354.91
Justine Madden,Fashion,2012-11,15,20,Ecuador,3267.06
Maryam Gray,Fashion,2012-11,38,55,Serbia,3250.42
Theodore Wynn,Fashion,2012-11,26,33,American Samoa,3221.83
Hermione Carver,Fashion,2012-11,10,17,Cambodia,3137.89
Jesse Gallagher,Fashion,2012-11,20,25,Thailand,3108.71
Abra Medina,Fashion,2012-11,38,55,Macao,2990.33
Graiden Ray,Fashion,2012-11,5,5,Sao Tome and Principe,2952.89
Kato Myers,Fashion,2012-11,6,9,Christmas Island,2923.1
Mary Trevino,Fashion,2012-11,35,43,Serbia,2711.75
Remedios Nelson,Fashion,2012-11,17,29,Portugal,2704.13
Charity Acosta,Fashion,2012-11,8,23,Moldova,2685.46
Gray Walls,Fashion,2012-11,14,23,Antarctica,2643.04
Otto Flores,Fashion,2012-11,5,6,United Arab Emirates,2615.7
Veronica Monroe,Fashion,2012-11,37,46,Belize,2569.08
Jason Morrison,Fashion,2012-11,18,24,Palau,2529.16
Myra Turner,Fashion,2012-11,16,19,Uzbekistan,2524.54
Karen Smyers,Fashion,2012-12,647,1352,Azerbaijan,118968.5
Rick Mears,Fashion,2012-12,551,950,Malta,101063.87
Sultan Mehmed II,Fashion,2012-12,477,757,Morocco,78700.73
Roger Staubach,Fashion,2012-12,467,764,Honduras,65827.64
George St.Pierre,Fashion,2012-12,238,378,Niue,63745.17
Napoleon Bonaparte,Fashion,2012-12,497,802,Pakistan,60062.77
Vera Farmiga,Fashion,2012-12,306,495,Sri Lanka,60024.7
Karl Marx,Fashion,2012-12,274,434,Latvia,57951.23
Justinian I,Fashion,2012-12,506,788,Finland,57729.01
Vladimir Lenin,Fashion,2012-12,321,481,Bouvet Island,55762.31
Kristen Wiig,Fashion,2012-12,230,362,Sudan,54363.64
Jahangir Khan,Fashion,2012-12,192,308,Paraguay,46802.31
Sandra Bullock,Fashion,2012-12,145,216,United States,42376.3
Henry Rono,Fashion,2012-12,245,359,Nicaragua,40634.59
Uma Thurman,Fashion,2012-12,118,204,Djibouti,37930.66
Oscar Robertson,Fashion,2012-12,153,261,Malta,35055.81
Zoey Deutch,Fashion,2012-12,173,263,United States Minor Outlying Islands,32219.5
Babe Didrikson Zaharias,Fashion,2012-12,149,239,Vanuatu,31493.94
Napoleon Bonaparte,Fashion,2012-12,265,408,El Salvador,30956.13
Manny Ramirez,Fashion,2012-12,184,251,Spain,29513.58
Mustafa Kemal Atatürk,Fashion,2012-12,284,404,Spain,28736.77
Naim Süleymanoğlu,Fashion,2012-12,104,164,Anguilla,27348.54
Jeff Ward,Fashion,2012-12,159,230,Tanzania,27226.11
Theo James,Fashion,2012-12,289,427,Sao Tome and Principe,26433.75
Jared Zabransky,Fashion,2012-12,190,272,French Guiana,24280.99
Diane Kruger,Fashion,2012-12,117,175,Netherlands,22842.18
Benny 'The Jet' Urquidez,Fashion,2012-12,160,231,Trinidad and Tobago,17889.1
Joaquin Phoenix,Fashion,2012-12,202,298,Slovakia,17746.43
Miranda Cosgrove,Fashion,2012-12,70,115,Macedonia,16798.1
Jim Parsons,Fashion,2012-12,87,130,Bulgaria,16106.99
Widukind,Fashion,2012-12,85,126,Slovenia,15408.37
Katherine Heigl,Fashion,2012-12,129,181,New Zealand,14093.5
Esther Vergeer,Fashion,2012-12,162,222,Iceland,12886.03
Nikos Galis,Fashion,2012-12,92,135,Oman,12027.76
Benny 'The Jet' Urquidez,Fashion,2012-12,56,87,India,10664.55
Joaquin Phoenix,Fashion,2012-12,42,77,Lithuania,10386.05
Miranda Cosgrove,Fashion,2012-12,88,135,Greenland,10137.77
Tad Gould,Fashion,2012-12,90,120,Rwanda,9691.68
Lee Short,Fashion,2012-12,82,115,Nepal,9102.9
Bethany Spencer,Fashion,2012-12,36,59,Netherlands,8764.54
Luke Neal,Fashion,2012-12,96,135,Papua New Guinea,8704.18
Garth Underwood,Fashion,2012-12,31,46,Mongolia,8155.93
Honorato David,Fashion,2012-12,79,108,Åland Islands,8097.52
Gillian Joseph,Fashion,2012-12,49,67,Bulgaria,8025.49
Amity Kinney,Fashion,2012-12,7,13,Northern Mariana Islands,7749.25
Nola Edwards,Fashion,2012-12,35,56,"Palestine, State of",7241.51
Shelly Walker,Fashion,2012-12,4,10,Seychelles,6984.6
Moses Daniels,Fashion,2012-12,6,7,Norfolk Island,6903.42
Ivory Marquez,Fashion,2012-12,73,97,Madagascar,6698.8
Amery Gross,Fashion,2012-12,32,73,Ireland,6553.85
Orli Leon,Fashion,2012-12,31,43,Sierra Leone,6477.99
Lesley Weiss,Fashion,2012-12,8,16,Estonia,6257.69
Fuller Joseph,Fashion,2012-12,56,77,Puerto Rico,6251.66
Nerea Donovan,Fashion,2012-12,16,31,Reunion,6069.14
Dalton Barlow,Fashion,2012-12,7,8,Myanmar,6024.64
Charissa Banks,Fashion,2012-12,5,6,Palau,5960.85
Justina Richardson,Fashion,2012-12,17,33,Liberia,5619.95
Charissa Little,Fashion,2012-12,55,74,Azerbaijan,5372.32
Leroy Cooley,Fashion,2012-12,5,9,American Samoa,5092
Cody Thompson,Fashion,2012-12,54,76,Slovakia,5063.38
Richard Faulkner,Fashion,2012-12,54,85,Isle of Man,5004.23
Lavinia Scott,Fashion,2012-12,10,13,Azerbaijan,4994.85
Lynn Carney,Fashion,2012-12,9,15,Sudan,4859.75
Lamar Baird,Fashion,2012-12,57,80,Djibouti,4809.68
Alexandra Becker,Fashion,2012-12,22,31,Czech Republic,4768.78
Dieter Montoya,Fashion,2012-12,12,14,Anguilla,4730.14
Madison Robles,Fashion,2012-12,24,32,Canada,4730.02
Otto Vang,Fashion,2012-12,23,25,Angola,4652.35
Cherokee Soto,Fashion,2012-12,59,83,Aruba,4580.41
Uriah Turner,Fashion,2012-12,44,67,Gibraltar,4520.6
Inga Swanson,Fashion,2012-12,19,28,Niger,4202.69
Lois Copeland,Fashion,2012-12,17,23,Togo,4146.78
Hannah Saunders,Fashion,2012-12,41,68,Pakistan,4097.91
Celeste Tyson,Fashion,2012-12,47,66,Oman,3994.15
Haley Hopper,Fashion,2012-12,52,63,Jersey,3904
Nelle Potter,Fashion,2012-12,46,58,Ecuador,3868.54
Allen Sullivan,Fashion,2012-12,3,4,Malaysia,3803
Mari Roberson,Fashion,2012-12,39,53,Montenegro,3767.65
Chester Hood,Fashion,2012-12,38,55,"Congo, the Democratic Republic of the",3714.63
Cheryl Duke,Fashion,2012-12,8,9,Romania,3683.99
Joy Patterson,Fashion,2012-12,17,24,South Africa,3633.9
Jorden Pope,Fashion,2012-12,52,68,Guinea,3435.83
Conan Bell,Fashion,2012-12,12,17,Turks and Caicos Islands,3400.11
Lilah Lindsay,Fashion,2012-12,27,35,French Polynesia,3302.66
Zahir Craft,Fashion,2012-12,10,15,Guinea-Bissau,3265.53
Candice Paul,Fashion,2012-12,25,36,Mexico,3239.57
Kristen Matthews,Fashion,2012-12,45,62,United States,3168.69
Mariam Pratt,Fashion,2012-12,17,29,Guam,3161.58
Tanya Morris,Fashion,2012-12,18,32,Cyprus,3118.08
TaShya Nixon,Fashion,2012-12,6,9,Sudan,3023.95
Hayden Herman,Fashion,2012-12,7,16,Thailand,3015.82
Derek Goodwin,Fashion,2012-12,13,20,Anguilla,2893.97
Cyrus Savage,Fashion,2012-12,42,56,Uzbekistan,2854.46
Troy Mullen,Fashion,2012-12,12,15,Canada,2805.73
Kitra Carrillo,Fashion,2012-12,15,22,Nepal,2794.47
Tilda Swinton,Fashion,2013-01,667,1386,Mali,111145.66
Benny 'The Jet' Urquidez,Fashion,2013-01,616,1182,"Virgin Islands, United States",95843.1
Joaquin Phoenix,Fashion,2013-01,530,872,Bahrain,75364.11
Miranda Cosgrove,Fashion,2013-01,578,1021,Poland,74350.79
Jim Parsons,Fashion,2013-01,617,1018,Bahrain,64660.77
Widukind,Fashion,2013-01,578,984,Guadeloupe,63347.18
Katherine Heigl,Fashion,2013-01,300,512,Burkina Faso,49998.71
Esther Vergeer,Fashion,2013-01,323,513,Hong Kong,48369.49
Nikos Galis,Fashion,2013-01,248,411,Reunion,46030.39
Jay Adams,Fashion,2013-01,373,604,Algeria,44445.33
Jim Carrey,Fashion,2013-01,270,423,France,40246.86
Candace Parker,Fashion,2013-01,329,538,Israel,37413.79
Alexander The Great,Fashion,2013-01,293,460,Svalbard and Jan Mayen Islands,36513.02
Brian O'Driscoll,Fashion,2013-01,333,530,Iceland,34434.4
Lee Chong Wei,Fashion,2013-01,345,563,Latvia,33418.48
Emperor Meiji,Fashion,2013-01,198,334,Cambodia,32134.13
Aimee Teegarden,Fashion,2013-01,214,370,Ethiopia,31456.92
Milla Jovovich,Fashion,2013-01,186,284,Cameroon,30578.8
Aaron Paul,Fashion,2013-01,99,157,New Caledonia,29176.2
Felicity Jones,Fashion,2013-01,214,314,Bhutan,28503.53
Alexis Knapp,Fashion,2013-01,233,342,Falkland Islands,28325.18
Julius Caesar,Fashion,2013-01,147,232,Marshall Islands,26630.72
Christopher Mintz-Plasse,Fashion,2013-01,219,324,Nigeria,26591.19
Kevin Durant,Fashion,2013-01,177,307,Wallis and Futuna,26332.92
Gustavus Adolphus of Sweden,Fashion,2013-01,237,341,Cook Islands,25849.77
Nelson Mandela,Fashion,2013-01,91,124,Cyprus,23095.52
Maggie Grace,Fashion,2013-01,140,210,Cambodia,21685.34
Suleyman The Magnificent,Fashion,2013-01,212,322,Nauru,18485.17
Emilie de Ravin,Fashion,2013-01,245,354,Côte D'Ivoire (Ivory Coast),18369.43
Anwar Sadat,Fashion,2013-01,139,215,Paraguay,18337.68
George Brett,Fashion,2013-01,137,223,Yemen,18070.23
Simon Bolivar Buckner,Fashion,2013-01,92,158,Zimbabwe,17148.43
Alyson Stoner,Fashion,2013-01,73,114,French Polynesia,15104.43
Jon Jones,Fashion,2013-01,81,118,Burundi,12656.11
Kate Beckinsale,Fashion,2013-01,109,147,"Korea, South",12071.06
Denzel Washington,Fashion,2013-01,50,65,Gambia,11919.96
Kim Raver,Fashion,2013-01,18,29,South Africa,11506.04
Charlie Hunnam,Fashion,2013-01,123,176,Zambia,11445.08
Eddy Merckx,Fashion,2013-01,127,185,India,11078.9
Steve Prefontaine,Fashion,2013-01,120,176,Bulgaria,10304.75
Cassady Garrison,Fashion,2013-01,58,103,Samoa,9647.93
Oren Bishop,Fashion,2013-01,80,121,Belize,9604.83
Harriet Richards,Fashion,2013-01,96,131,Antarctica,8597.69
Colleen Foley,Fashion,2013-01,25,40,Libya,8181.76
William Bennett,Fashion,2013-01,73,110,Anguilla,7662.17
Odette Brock,Fashion,2013-01,65,116,Denmark,7600.29
Vernon Valdez,Fashion,2013-01,83,134,Mexico,7564.92
Delilah Greene,Fashion,2013-01,86,127,Niue,7405.31
Uriel Vargas,Fashion,2013-01,60,95,Peru,7316.36
Josiah Buck,Fashion,2013-01,75,126,Hong Kong,7080.96
Sylvia Erickson,Fashion,2013-01,67,106,Uruguay,6450.69
Deborah Hunter,Fashion,2013-01,46,74,Australia,6210.36
Hamilton Witt,Fashion,2013-01,59,80,Georgia,6188.52
Britanni Mooney,Fashion,2013-01,67,102,Kiribati,6100.99
Piper Daugherty,Fashion,2013-01,73,95,Cambodia,5871.19
Alexander Bell,Fashion,2013-01,42,63,Morocco,5768.36
Harriet Richards,Fashion,2013-01,50,83,Maldives,5751.67
Odette Brock,Fashion,2013-01,19,39,Taiwan,5715.79
Omar Russo,Fashion,2013-01,29,46,Sierra Leone,5621.89
Michael Perry,Fashion,2013-01,41,55,Albania,5497.55
Rylee Ford,Fashion,2013-01,26,36,Mauritius,5490.42
